Id,Position,First Name,Nickname,Last Name,FPPG,Played,Salary,Game,Team,Opponent,Injury Indicator,Injury Details,Tier,,,Roster Position
65217-55050,RB,Christian,Christian McCaffrey,McCaffrey,16.8000005086263,3,10000,MIN@CAR,CAR,MIN,O,Hamstring,,,,RB/FLEX
65217-57439,QB,Patrick,Patrick Mahomes,Mahomes,27.379998779296876,5,9000,KC@WAS,KC,WAS,,,,,,QB
65217-54140,RB,Dalvin,Dalvin Cook,Cook,12.866666158040365,3,8800,MIN@CAR,MIN,CAR,,,,,,RB/FLEX
65217-53681,WR,Tyreek,Tyreek Hill,Hill,19.31999969482422,5,8700,KC@WAS,KC,WAS,Q,Quadriceps,,,,WR/FLEX
65217-33076,TE,Travis,Travis Kelce,Kelce,15.180000305175781,5,8500,KC@WAS,KC,WAS,,,,,,TE/FLEX
65217-45889,WR,Davante,Davante Adams,Adams,18.18000030517578,5,8500,GB@CHI,GB,CHI,,,,,,WR/FLEX
65217-80001,RB,Austin,Austin Ekeler,Ekeler,21.560000610351562,5,8400,LAC@BAL,LAC,BAL,,,,,,RB/FLEX
65217-63484,QB,Kyler,Kyler Murray,Murray,25.09600067138672,5,8400,ARI@CLE,ARI,CLE,Q,Shoulder,,,,QB
65217-38791,RB,Ezekiel,Ezekiel Elliott,Elliott,18.23999938964844,5,8300,DAL@NE,DAL,NE,Q,Ribs,,,,RB/FLEX
65217-79970,WR,Cooper,Cooper Kupp,Kupp,20.060000610351562,5,8200,LAR@NYG,LAR,NYG,,,,,,WR/FLEX
65217-63115,QB,Lamar,Lamar Jackson,Jackson,26.772000122070313,5,8200,LAC@BAL,BAL,LAC,Q,Illness,,,,QB
65217-53562,RB,Nick,Nick Chubb,Chubb,16.060000610351562,5,8100,ARI@CLE,CLE,ARI,O,Calf,,,,RB/FLEX
65217-31716,QB,Dak,Dak Prescott,Prescott,21.144000244140624,5,8100,DAL@NE,DAL,NE,,,,,,QB
65217-40442,RB,Aaron,Aaron Jones,Jones,16.11999969482422,5,8000,GB@CHI,GB,CHI,Q,Ankle,,,,RB/FLEX
65217-69189,QB,Justin,Justin Herbert,Herbert,25.20800018310547,5,8000,LAC@BAL,LAC,BAL,,,,,,QB
65217-39829,WR,Mike,Mike Williams,Williams,20.11999969482422,5,8000,LAC@BAL,LAC,BAL,Q,Knee,,,,WR/FLEX
65217-6654,QB,Matthew,Matthew Stafford,Stafford,21.975999450683595,5,7900,LAR@NYG,LAR,NYG,,,,,,QB
65217-85671,WR,Justin,Justin Jefferson,Jefferson,16.227999877929687,5,7900,MIN@CAR,MIN,CAR,,,,,,WR/FLEX
65217-85701,WR,Ja'Marr,Ja'Marr Chase,Chase,17.38000030517578,5,7800,CIN@DET,CIN,DET,,,,,,WR/FLEX
65217-72776,RB,Alexander,Alexander Mattison,Mattison,9.859999847412109,5,7700,MIN@CAR,MIN,CAR,,,,,,RB/FLEX
65217-16606,WR,DeAndre,DeAndre Hopkins,Hopkins,13.339999389648437,5,7700,ARI@CLE,ARI,CLE,Q,Illness,,,,WR/FLEX
65217-6894,QB,Aaron,Aaron Rodgers,Rodgers,18.70800018310547,5,7700,GB@CHI,GB,CHI,,,,,,QB
65217-63043,WR,DJ,DJ Moore,Moore,16.2,5,7600,MIN@CAR,CAR,MIN,,,,,,WR/FLEX
65217-63589,QB,Sam,Sam Darnold,Darnold,21.367999267578124,5,7500,MIN@CAR,CAR,MIN,,,,,,QB
65217-89675,RB,Jonathan,Jonathan Taylor,Taylor,15.480000305175782,5,7500,HOU@IND,IND,HOU,,,,,,RB/FLEX
65217-45229,RB,Kareem,Kareem Hunt,Hunt,16.980000305175782,5,7400,ARI@CLE,CLE,ARI,Q,Wrist,,,,RB/FLEX
65217-63336,QB,Joe,Joe Burrow,Burrow,18.632000732421876,5,7400,CIN@DET,CIN,DET,,,,,,QB
65217-56250,WR,Terry,Terry McLaurin,McLaurin,14.5,5,7400,KC@WAS,WAS,KC,Q,Hamstring,,,,WR/FLEX
65217-53331,QB,Taylor,Taylor Heinicke,Heinicke,18.863999938964845,5,7300,KC@WAS,WAS,KC,,,,,,QB
65217-70157,RB,Darrell,Darrell Henderson Jr.,Henderson Jr.,15.350000381469727,4,7300,LAR@NYG,LAR,NYG,,,,,,RB/FLEX
65217-63519,QB,Daniel,Daniel Jones,Jones,19.996000671386717,5,7200,LAR@NYG,NYG,LAR,Q,Concussion,,,,QB
65217-39716,WR,Adam,Adam Thielen,Thielen,12.740000152587891,5,7200,MIN@CAR,MIN,CAR,,,,,,WR/FLEX
65217-91598,RB,D'Andre,D'Andre Swift,Swift,15.339999389648437,5,7100,CIN@DET,DET,CIN,Q,Groin,,,,RB/FLEX
65217-22038,QB,Kirk,Kirk Cousins,Cousins,19.58800048828125,5,7100,MIN@CAR,MIN,CAR,,,,,,QB
65217-29253,WR,Keenan,Keenan Allen,Allen,11.980000305175782,5,7100,LAC@BAL,LAC,BAL,,,,,,WR/FLEX
65217-52442,RB,Joe,Joe Mixon,Mixon,12.740000152587891,5,7000,CIN@DET,CIN,DET,Q,Ankle,,,,RB/FLEX
65217-25011,TE,Darren,Darren Waller,Waller,11.580000305175782,5,7000,LV@DEN,LV,DEN,,,,,,TE/FLEX
65217-86631,WR,CeeDee,CeeDee Lamb,Lamb,12.080000305175782,5,7000,DAL@NE,DAL,NE,,,,,,WR/FLEX
65217-86687,WR,Marquise,Marquise Brown,Brown,17.91999969482422,5,7000,LAC@BAL,BAL,LAC,,,,,,WR/FLEX
65217-45859,QB,Derek,Derek Carr,Carr,19.019999694824218,5,7000,LV@DEN,LV,DEN,,,,,,QB
65217-87467,RB,Chuba,Chuba Hubbard,Hubbard,7.159999847412109,5,6900,MIN@CAR,CAR,MIN,,,,,,RB/FLEX
65217-38435,QB,Jared,Jared Goff,Goff,16.463999938964843,5,6900,CIN@DET,DET,CIN,,,,,,QB
65217-29685,WR,Robert,Robert Woods,Woods,11.9,5,6900,LAR@NYG,LAR,NYG,,,,,,WR/FLEX
65217-72731,RB,Josh,Josh Jacobs,Jacobs,13.133333841959635,3,6800,LV@DEN,LV,DEN,Q,Illness,,,,RB/FLEX
65217-31001,WR,Amari,Amari Cooper,Cooper,13.660000610351563,5,6800,DAL@NE,DAL,NE,,,,,,WR/FLEX
65217-41535,QB,Baker,Baker Mayfield,Mayfield,16.280000305175783,5,6800,ARI@CLE,CLE,ARI,,,,,,QB
65217-89628,QB,Davis,Davis Mills,Mills,10.515000343322754,4,6700,HOU@IND,HOU,IND,,,,,,QB
65217-70324,QB,Carson,Carson Wentz,Wentz,17.036000061035157,5,6700,HOU@IND,IND,HOU,,,,,,QB
65217-85741,RB,Clyde,Clyde Edwards-Helaire,Edwards-Helaire,9.7,5,6700,KC@WAS,KC,WAS,IR,Knee - mcl,,,,RB/FLEX
65217-90933,RB,Antonio,Antonio Gibson,Gibson,14.039999389648438,5,6700,KC@WAS,WAS,KC,Q,Shin,,,,RB/FLEX
65217-57403,WR,Courtland,Courtland Sutton,Sutton,11.240000152587891,5,6600,LV@DEN,DEN,LV,,,,,,WR/FLEX
65217-33259,QB,Teddy,Teddy Bridgewater,Bridgewater,15.980000305175782,5,6600,LV@DEN,DEN,LV,,,,,,QB
65217-64051,QB,Drew,Drew Lock,Lock,3.5199999809265137,1,6600,LV@DEN,DEN,LV,,,,,,QB
65217-90584,QB,Mac,Mac Jones,Jones,13.544000244140625,5,6500,DAL@NE,NE,DAL,,,,,,QB
65217-73273,RB,David,David Montgomery,Montgomery,14.199999809265137,4,6500,GB@CHI,CHI,GB,IR,Knee,,,,RB/FLEX
65217-55042,TE,Dalton,Dalton Schultz,Schultz,11.8,5,6500,DAL@NE,DAL,NE,,,,,,TE/FLEX
65217-27441,RB,Damien,Damien Williams,Williams,9.199999809265137,4,6500,GB@CHI,CHI,GB,IR,Illness,,,,RB/FLEX
65217-29501,WR,Brandin,Brandin Cooks,Cooks,12.240000152587891,5,6500,HOU@IND,HOU,IND,,,,,,WR/FLEX
65217-64401,RB,Saquon,Saquon Barkley,Barkley,11.5,5,6500,LAR@NYG,NYG,LAR,D,Ankle,,,,RB/FLEX
65217-71706,TE,T.J.,T.J. Hockenson,Hockenson,9.94000015258789,5,6400,CIN@DET,DET,CIN,Q,Knee,,,,TE/FLEX
65217-31170,QB,Brandon,Brandon Allen,Allen,8.950000127156576,6,6400,CIN@DET,CIN,DET,,,,,,QB
65217-91591,QB,Justin,Justin Fields,Fields,6.444000244140625,5,6400,GB@CHI,CHI,GB,,,,,,QB
65217-25410,QB,Mike,Mike Glennon,Glennon,10.039999961853027,1,6400,LAR@NYG,NYG,LAR,,,,,,QB
65217-89981,WR,Tee,Tee Higgins,Higgins,11.5,3,6400,CIN@DET,CIN,DET,,,,,,WR/FLEX
65217-14225,QB,Andy,Andy Dalton,Dalton,5.200000127156575,3,6400,GB@CHI,CHI,GB,,,,,,QB
65217-14377,QB,Tyrod,Tyrod Taylor,Taylor,20.06999969482422,2,6300,HOU@IND,HOU,IND,IR,Hamstring,,,,QB
65217-52436,TE,Mark,Mark Andrews,Andrews,14.1,5,6300,LAC@BAL,BAL,LAC,,,,,,TE/FLEX
65217-40669,WR,Tyler,Tyler Boyd,Boyd,9.55999984741211,5,6300,CIN@DET,CIN,DET,,,,,,WR/FLEX
65217-30761,QB,Nathan,Nathan Peterman,Peterman,0.20000000298023224,1,6200,LV@DEN,LV,DEN,,,,,,QB
65217-64576,RB,Damien,Damien Harris,Harris,7.819999694824219,5,6200,DAL@NE,NE,DAL,Q,Ribs,,,,RB/FLEX
65217-22027,QB,Nick,Nick Foles,Foles,12.464444478352865,9,6200,GB@CHI,CHI,GB,,,,,,QB
65217-29358,QB,Marcus,Marcus Mariota,Mariota,3.0999999046325684,1,6200,LV@DEN,LV,DEN,IR,Quadriceps,,,,QB
65217-69333,QB,Jacob,Jacob Eason,Eason,0,1,6200,HOU@IND,IND,HOU,,,,,,QB
65217-27477,WR,Sterling,Sterling Shepard,Shepard,12.133333841959635,3,6200,LAR@NYG,NYG,LAR,Q,Hamstring,,,,WR/FLEX
65217-70051,QB,Tyler,Tyler Huntley,Huntley,2.125,4,6100,LAC@BAL,BAL,LAC,,,,,,QB
65217-7659,QB,Ryan,Ryan Fitzpatrick,Fitzpatrick,0.7200000286102295,1,6100,KC@WAS,WAS,KC,IR,Hip,,,,QB
65217-54879,QB,Deshaun,Deshaun Watson,Watson,23.520000457763672,16,6100,HOU@IND,HOU,IND,,,,,,QB
65217-40687,RB,James,James Conner,Conner,11.1,5,6100,ARI@CLE,ARI,CLE,,,,,,RB/FLEX
65217-57091,WR,Tim,Tim Patrick,Patrick,10.640000152587891,5,6100,LV@DEN,DEN,LV,,,,,,WR/FLEX
65217-56192,QB,John,John Wolford,Wolford,3.799999952316284,4,6100,LAR@NYG,LAR,NYG,,,,,,QB
65217-71710,QB,Nate,Nate Stanley,Stanley,,,6000,MIN@CAR,MIN,CAR,IR,Undisclosed,,,,QB
65217-86052,WR,Kadarius,Kadarius Toney,Toney,9.725000381469727,4,6000,LAR@NYG,NYG,LAR,Q,Ankle,,,,WR/FLEX
65217-52342,QB,Will,Will Grier,Grier,0,2,6000,DAL@NE,DAL,NE,,,,,,QB
65217-71798,QB,Anthony,Anthony Gordon,Gordon,0,1,6000,KC@WAS,KC,WAS,,,,,,QB
65217-39034,QB,Kurt,Kurt Benkert,Benkert,0,1,6000,GB@CHI,GB,CHI,,,,,,QB
65217-63611,QB,Kyle,Kyle Shurmur,Shurmur,,,6000,KC@WAS,WAS,KC,,,,,,QB
65217-64637,QB,Brian,Brian Lewerke,Lewerke,0,1,6000,LAR@NYG,NYG,LAR,,,,,,QB
65217-69769,QB,Darius,Darius Bradwell,Bradwell,0,1,6000,LAC@BAL,LAC,BAL,,,,,,QB
65217-69833,QB,Shane,Shane Buechele,Buechele,,,6000,KC@WAS,KC,WAS,,,,,,QB
65217-29915,QB,Brett,Brett Hundley,Hundley,0,2,6000,HOU@IND,IND,HOU,,,,,,QB
65217-28900,RB,Melvin,Melvin Gordon III,Gordon III,10.95999984741211,5,6000,LV@DEN,DEN,LV,Q,Hip,,,,RB/FLEX
65217-11500,QB,Colt,Colt McCoy,McCoy,-0.20000000298023224,1,6000,ARI@CLE,ARI,CLE,,,,,,QB
65217-63759,RB,Tony,Tony Pollard,Pollard,10.759999847412109,5,6000,DAL@NE,DAL,NE,,,,,,RB/FLEX
65217-130334,QB,Jalen,Jalen Morton,Morton,,,6000,HOU@IND,IND,HOU,,,,,,QB
65217-130337,QB,Case,Case Cookus,Cookus,0,1,6000,LV@DEN,LV,DEN,,,,,,QB
65217-60787,QB,Bryce,Bryce Perkins,Perkins,0,2,6000,LAR@NYG,LAR,NYG,,,,,,QB
65217-52606,QB,David,David Blough,Blough,1.3799999952316284,2,6000,CIN@DET,DET,CIN,,,,,,QB
65217-149889,QB,Kenji,Kenji Bahar,Bahar,,,6000,LAC@BAL,BAL,LAC,,,,,,QB
65217-92560,QB,Sam,Sam Ehlinger,Ehlinger,,,6000,HOU@IND,IND,HOU,IR,Knee,,,,QB
65217-103824,QB,Easton,Easton Stick,Stick,-0.03999999910593033,1,6000,LAC@BAL,LAC,BAL,,,,,,QB
65217-69017,QB,Jordan,Jordan Love,Love,0.20999999344348907,2,6000,GB@CHI,GB,CHI,,,,,,QB
65217-32158,QB,Garrett,Garrett Gilbert,Gilbert,7.760000228881836,2,6000,DAL@NE,NE,DAL,,,,,,QB
65217-60840,QB,Jake,Jake Browning,Browning,,,6000,CIN@DET,CIN,DET,,,,,,QB
65217-22994,QB,Case,Case Keenum,Keenum,0,1,6000,ARI@CLE,CLE,ARI,,,,,,QB
65217-34308,QB,Blake,Blake Bortles,Bortles,0,1,6000,GB@CHI,GB,CHI,,,,,,QB
65217-60947,QB,Jarrett,Jarrett Stidham,Stidham,2.6566665967305503,6,6000,DAL@NE,NE,DAL,NA,Back,,,,QB
65217-88602,QB,Jordan,Jordan Ta'amu,Ta'amu,,,6000,CIN@DET,DET,CIN,,,,,,QB
65217-61982,QB,Tommy,Tommy Stevens,Stevens,2.4000000953674316,1,6000,LAR@NYG,NYG,LAR,,,,,,QB
65217-40482,QB,Tim,Tim Boyle,Boyle,-0.11249999701976776,8,6000,CIN@DET,DET,CIN,IR,Thumb,,,,QB
65217-30253,QB,Jeff,Jeff Driskel,Driskel,8.020000457763672,4,6000,HOU@IND,HOU,IND,,,,,,QB
65217-94797,QB,Kellen,Kellen Mond,Mond,,,6000,MIN@CAR,MIN,CAR,,,,,,QB
65217-41562,QB,Nick,Nick Mullens,Mullens,11.66181807084517,11,6000,ARI@CLE,CLE,ARI,,,,,,QB
65217-8803,QB,Chase,Chase Daniel,Daniel,2.831999969482422,5,6000,LAC@BAL,LAC,BAL,,,,,,QB
65217-61042,QB,Kendall,Kendall Hinton,Hinton,4.433333396911621,3,6000,LV@DEN,DEN,LV,,,,,,QB
65217-64115,QB,Steven,Steven Montez,Montez,0,1,6000,CIN@DET,DET,CIN,,,,,,QB
65217-31360,WR,Odell,Odell Beckham Jr.,Beckham Jr.,6.099999745686849,3,6000,ARI@CLE,CLE,ARI,,,,,,WR/FLEX
65217-95893,QB,Devlin,Devlin Hodges,Hodges,0,1,6000,LAR@NYG,LAR,NYG,,,,,,QB
65217-7844,QB,Chad,Chad Henne,Henne,6.639999866485596,4,6000,KC@WAS,KC,WAS,,,,,,QB
65217-44715,QB,Cooper,Cooper Rush,Rush,0,1,6000,DAL@NE,DAL,NE,,,,,,QB
65217-7872,QB,Brian,Brian Hoyer,Hoyer,1.5,2,6000,DAL@NE,NE,DAL,,,,,,QB
65217-61157,QB,Brett,Brett Rypien,Rypien,5.100000063578288,3,6000,LV@DEN,DEN,LV,,,,,,QB
65217-29445,QB,Sean,Sean Mannion,Mannion,,,6000,MIN@CAR,MIN,CAR,,,,,,QB
65217-104281,QB,Jake,Jake Dolegala,Dolegala,0,1,6000,GB@CHI,GB,CHI,,,,,,QB
65217-61276,QB,James,James Morgan,Morgan,0,1,6000,MIN@CAR,CAR,MIN,,,,,,QB
65217-41827,QB,P.J.,P.J. Walker,Walker,2.7040000915527345,5,6000,MIN@CAR,CAR,MIN,,,,,,QB
65217-53095,QB,Kyle,Kyle Allen,Allen,11.5,4,6000,KC@WAS,WAS,KC,,,,,,QB
65217-14185,QB,Cam,Cam Newton,Newton,17.998667399088543,15,6000,DAL@NE,NE,DAL,,,,,,QB
65217-55148,QB,Clayton,Clayton Thorson,Thorson,0,1,6000,LAR@NYG,NYG,LAR,Q,Concussion,,,,QB
65217-38767,QB,Chris,Chris Streveler,Streveler,2.174999952316284,4,6000,ARI@CLE,ARI,CLE,,,,,,QB
65217-56286,QB,Trace,Trace McSorley,McSorley,3.1000000635782876,3,6000,LAC@BAL,BAL,LAC,,,,,,QB
65217-54244,WR,Kenny,Kenny Golladay,Golladay,7.340000152587891,5,6000,LAR@NYG,NYG,LAR,D,Knee,,,,WR/FLEX
65217-63469,QB,Ben,Ben DiNucci,DiNucci,2.3200000127156577,3,6000,DAL@NE,DAL,NE,,,,,,QB
65217-71672,QB,KJ,KJ Costello,Costello,,,6000,LAC@BAL,LAC,BAL,,,,,,QB
65217-83081,RB,Chase,Chase Edmonds,Edmonds,10.480000305175782,5,5900,ARI@CLE,ARI,CLE,Q,Shoulder,,,,RB/FLEX
65217-60858,WR,Christian,Christian Kirk,Kirk,10.38000030517578,5,5900,ARI@CLE,ARI,CLE,,,,,,WR/FLEX
65217-39580,RB,Devontae,Devontae Booker,Booker,6.099999904632568,4,5900,LAR@NYG,NYG,LAR,,,,,,RB/FLEX
65217-28643,WR,Allen,Allen Robinson II,Robinson II,6.519999694824219,5,5900,GB@CHI,CHI,GB,Q,Ankle,,,,WR/FLEX
65217-71705,TE,Noah,Noah Fant,Fant,8.019999694824218,5,5800,LV@DEN,DEN,LV,,,,,,TE/FLEX
65217-63634,WR,Jakobi,Jakobi Meyers,Meyers,9.5,5,5800,DAL@NE,NE,DAL,,,,,,WR/FLEX
65217-34331,RB,Latavius,Latavius Murray,Murray,7.419999694824218,5,5800,LAC@BAL,BAL,LAC,,,,,,RB/FLEX
65217-60977,RB,Ty'Son,Ty'Son Williams,Williams,8.125,4,5800,LAC@BAL,BAL,LAC,,,,,,RB/FLEX
65217-69213,WR,Michael,Michael Pittman Jr.,Pittman Jr.,11.55999984741211,5,5800,HOU@IND,IND,HOU,,,,,,WR/FLEX
65217-93408,WR,Rondale,Rondale Moore,Moore,9.7,5,5700,ARI@CLE,ARI,CLE,,,,,,WR/FLEX
65217-52451,RB,Samaje,Samaje Perine,Perine,4.720000076293945,5,5700,CIN@DET,CIN,DET,IR,Illness,,,,RB/FLEX
65217-45631,RB,Jamaal,Jamaal Williams,Williams,10.8,5,5700,CIN@DET,DET,CIN,Q,Hip,,,,RB/FLEX
65217-57986,WR,Hunter,Hunter Renfrow,Renfrow,11.3,5,5700,LV@DEN,LV,DEN,,,,,,WR/FLEX
65217-69777,WR,Darnell,Darnell Mooney,Mooney,7.419999694824218,5,5600,GB@CHI,CHI,GB,Q,Groin,,,,WR/FLEX
65217-93541,RB,Javonte,Javonte Williams,Williams,8.34000015258789,5,5600,LV@DEN,DEN,LV,,,,,,RB/FLEX
65217-40845,TE,Hunter,Hunter Henry,Henry,8.719999694824219,5,5600,DAL@NE,NE,DAL,,,,,,TE/FLEX
65217-24641,WR,Sammy,Sammy Watkins,Watkins,7.6400001525878904,5,5500,LAC@BAL,BAL,LAC,O,Hamstring,,,,WR/FLEX
65217-63819,WR,Darius,Darius Slayton,Slayton,7.400000254313151,3,5500,LAR@NYG,NYG,LAR,Q,Hamstring,,,,WR/FLEX
65217-90537,WR,Henry,Henry Ruggs III,Ruggs III,10.04000015258789,5,5500,LV@DEN,LV,DEN,,,,,,WR/FLEX
65217-26251,WR,Robby,Robby Anderson,Anderson,6.040000152587891,5,5500,MIN@CAR,CAR,MIN,,,,,,WR/FLEX
65217-23194,WR,Josh,Josh Gordon,Gordon,1.600000023841858,1,5500,KC@WAS,KC,WAS,,,,,,WR/FLEX
65217-31394,WR,Jarvis,Jarvis Landry,Landry,9.149999618530273,2,5500,ARI@CLE,CLE,ARI,IR,Knee - mcl,,,,WR/FLEX
65217-71352,WR,Mecole,Mecole Hardman,Hardman,7.919999694824218,5,5500,KC@WAS,KC,WAS,,,,,,WR/FLEX
65217-72412,RB,Khalil,Khalil Herbert,Herbert,2.049999952316284,4,5500,GB@CHI,CHI,GB,,,,,,RB/FLEX
65217-47870,TE,Tyler,Tyler Higbee,Higbee,7.419999694824218,5,5500,LAR@NYG,LAR,NYG,,,,,,TE/FLEX
65217-40857,RB,Peyton,Peyton Barber,Barber,8.299999872843424,3,5500,LV@DEN,LV,DEN,,,,,,RB/FLEX
65217-64581,WR,Van,Van Jefferson Jr.,Jefferson Jr.,8.640000152587891,5,5400,LAR@NYG,LAR,NYG,,,,,,WR/FLEX
65217-53640,RB,Sony,Sony Michel,Michel,4.8599998474121096,5,5400,LAR@NYG,LAR,NYG,,,,,,RB/FLEX
65217-41475,WR,John,John Ross III,Ross III,8.5,2,5400,LAR@NYG,NYG,LAR,,,,,,WR/FLEX
65217-7761,TE,Jared,Jared Cook,Cook,7.1,5,5400,LAC@BAL,LAC,BAL,,,,,,TE/FLEX
65217-6739,WR,DeSean,DeSean Jackson,Jackson,7.75,4,5400,LAR@NYG,LAR,NYG,,,,,,WR/FLEX
65217-69276,WR,Bryan,Bryan Edwards,Edwards,6.020000076293945,5,5400,LV@DEN,LV,DEN,,,,,,WR/FLEX
65217-14187,WR,A.J.,A.J. Green,Green,9.219999694824219,5,5400,ARI@CLE,ARI,CLE,,,,,,WR/FLEX
65217-93107,RB,AJ,AJ Dillon,Dillon,7.180000305175781,5,5400,GB@CHI,GB,CHI,,,,,,RB/FLEX
65217-29683,WR,Nelson,Nelson Agholor,Agholor,6.819999694824219,5,5400,DAL@NE,NE,DAL,,,,,,WR/FLEX
65217-53390,WR,Zach,Zach Pascal,Pascal,9.480000305175782,5,5300,HOU@IND,IND,HOU,,,,,,WR/FLEX
65217-30989,RB,Kenyan,Kenyan Drake,Drake,5.2,5,5300,LV@DEN,LV,DEN,,,,,,RB/FLEX
65217-71957,WR,Quintez,Quintez Cephus,Cephus,8.38000030517578,5,5300,CIN@DET,DET,CIN,IR,Collarbone,,,,WR/FLEX
65217-33047,WR,Chris,Chris Moore,Moore,19.399999618530273,1,5300,HOU@IND,HOU,IND,,,,,,WR/FLEX
65217-24920,RB,Devonta,Devonta Freeman,Freeman,2.2750000953674316,4,5300,LAC@BAL,BAL,LAC,,,,,,RB/FLEX
65217-31207,TE,C.J.,C.J. Uzomah,Uzomah,6.5,5,5300,CIN@DET,CIN,DET,,,,,,TE/FLEX
65217-45791,WR,Rashard,Rashard Higgins,Higgins,6.449999809265137,4,5300,ARI@CLE,CLE,ARI,,,,,,WR/FLEX
65217-14211,RB,Mark,Mark Ingram II,Ingram II,5.6,5,5300,HOU@IND,HOU,IND,,,,,,RB/FLEX
65217-14257,WR,Randall,Randall Cobb,Cobb,6.659999847412109,5,5300,GB@CHI,GB,CHI,,,,,,WR/FLEX
65217-62497,RB,David,David Johnson,Johnson,6.2,5,5200,HOU@IND,HOU,IND,,,,,,RB/FLEX
65217-43334,RB,J.D.,J.D. McKissic,McKissic,7.8,5,5200,KC@WAS,WAS,KC,,,,,,RB/FLEX
65217-22898,RB,Brandon,Brandon Bolden,Bolden,4.349999904632568,4,5200,DAL@NE,NE,DAL,,,,,,RB/FLEX
65217-80289,WR,Kendrick,Kendrick Bourne,Bourne,7.6,5,5200,DAL@NE,NE,DAL,,,,,,WR/FLEX
65217-80353,TE,Robert,Robert Tonyan,Tonyan,3.7400001525878905,5,5200,GB@CHI,GB,CHI,Q,Knee,,,,TE/FLEX
65217-52897,RB,Darrel,Darrel Williams,Williams,5.979999923706055,5,5200,KC@WAS,KC,WAS,,,,,,RB/FLEX
65217-69295,WR,Byron,Byron Pringle,Pringle,5.2,5,5200,KC@WAS,KC,WAS,,,,,,WR/FLEX
65217-30403,WR,Chris,Chris Conley,Conley,3.8799999237060545,5,5200,HOU@IND,HOU,IND,,,,,,WR/FLEX
65217-69581,WR,Cedrick,Cedrick Wilson,Wilson,6.315999984741211,5,5200,DAL@NE,DAL,NE,,,,,,WR/FLEX
65217-86997,WR,Amon-Ra,Amon-Ra St. Brown,St. Brown,5.459999847412109,5,5200,CIN@DET,DET,CIN,,,,,,WR/FLEX
65217-60451,TE,Tyler,Tyler Conklin,Conklin,6.480000305175781,5,5100,MIN@CAR,MIN,CAR,,,,,,TE/FLEX
65217-55335,TE,David,David Njoku,Njoku,9.75,4,5100,ARI@CLE,CLE,ARI,Q,Knee,,,,TE/FLEX
65217-63625,RB,Nyheim,Nyheim Hines,Hines,6.44000015258789,5,5100,HOU@IND,IND,HOU,,,,,,RB/FLEX
65217-91426,WR,Donovan,Donovan Peoples-Jones,Peoples-Jones,3.799999952316284,4,5100,ARI@CLE,CLE,ARI,,,,,,WR/FLEX
65217-56809,WR,Allen,Allen Lazard,Lazard,3.299999952316284,4,5100,GB@CHI,GB,CHI,,,,,,WR/FLEX
65217-55970,RB,Royce,Royce Freeman,Freeman,1.8333333333333333,3,5100,MIN@CAR,CAR,MIN,,,,,,RB/FLEX
65217-70422,WR,Kalif,Kalif Raymond,Raymond,7.619999694824219,5,5100,CIN@DET,DET,CIN,,,,,,WR/FLEX
65217-111540,RB,Rhamondre,Rhamondre Stevenson,Stevenson,0.949999988079071,2,5100,DAL@NE,NE,DAL,,,,,,RB/FLEX
65217-40977,TE,Ricky,Ricky Seals-Jones,Seals-Jones,5.966666539510091,3,5000,KC@WAS,WAS,KC,,,,,,TE/FLEX
65217-62535,WR,Tyrell,Tyrell Williams,Williams,2.4000000953674316,1,5000,CIN@DET,DET,CIN,IR,Concussion,,,,WR/FLEX
65217-24671,WR,Adam,Adam Humphries,Humphries,4.459999847412109,5,5000,KC@WAS,WAS,KC,,,,,,WR/FLEX
65217-12538,D,Los Angeles,Los Angeles Rams,Rams,5,5,5000,LAR@NYG,LAR,NYG,,,,,,DEF
65217-69956,WR,Michael,Michael Gallup,Gallup,5.599999904632568,1,5000,DAL@NE,DAL,NE,IR,Calf,,,,WR/FLEX
65217-63855,WR,K.J.,K.J. Osborn,Osborn,8.05999984741211,5,5000,MIN@CAR,MIN,CAR,,,,,,WR/FLEX
65217-38264,WR,Demarcus,Demarcus Robinson,Robinson,4.375,4,5000,KC@WAS,KC,WAS,,,,,,WR/FLEX
65217-71032,WR,Devin,Devin Duvernay,Duvernay,5.479999923706055,5,5000,LAC@BAL,BAL,LAC,,,,,,WR/FLEX
65217-52613,WR,Curtis,Curtis Samuel,Samuel,2.3499999046325684,2,5000,KC@WAS,WAS,KC,O,Groin,,,,WR/FLEX
65217-90561,WR,Jerry,Jerry Jeudy,Jeudy,10.199999809265137,1,5000,LV@DEN,DEN,LV,IR,Ankle,,,,WR/FLEX
65217-22031,WR,T.Y.,T.Y. Hilton,Hilton,8.774999618530273,16,5000,HOU@IND,IND,HOU,IR,Neck,,,,WR/FLEX
65217-28181,RB,Le'Veon,Le'Veon Bell,Bell,1.100000023841858,1,5000,LAC@BAL,BAL,LAC,,,,,,RB/FLEX
65217-69168,WR,N'Keal,N'Keal Harry,Harry,1.4500000476837158,2,5000,DAL@NE,NE,DAL,,,,,,WR/FLEX
65217-57909,RB,Marlon,Marlon Mack,Mack,3.433333396911621,3,5000,HOU@IND,IND,HOU,,,,,,RB/FLEX
65217-40647,WR,Marquez,Marquez Valdes-Scantling,Valdes-Scantling,5.533333460489909,3,5000,GB@CHI,GB,CHI,IR,Hamstring,,,,WR/FLEX
65217-63186,WR,James,James Proche,Proche,5.266666730244954,3,5000,LAC@BAL,BAL,LAC,,,,,,WR/FLEX
65217-94936,RB,Larry,Larry Rountree III,Rountree III,1.2800000190734864,5,5000,LAC@BAL,LAC,BAL,,,,,,RB/FLEX
65217-26355,TE,Logan,Logan Thomas,Thomas,9.233333587646484,3,5000,KC@WAS,WAS,KC,IR,Hamstring,,,,TE/FLEX
65217-85845,WR,Rashod,Rashod Bateman,Bateman,,,5000,LAC@BAL,BAL,LAC,IR,Groin,,,,WR/FLEX
65217-41872,TE,Evan,Evan Engram,Engram,4.5,3,5000,LAR@NYG,NYG,LAR,,,,,,TE/FLEX
65217-24533,TE,Mo,Mo Alie-Cox,Alie-Cox,5.779999923706055,5,5000,HOU@IND,IND,HOU,,,,,,TE/FLEX
65217-88109,RB,Gary,Gary Brightwell,Brightwell,0.75,2,4900,LAR@NYG,NYG,LAR,,,,,,RB/FLEX
65217-69836,WR,Collin,Collin Johnson,Johnson,3.799999952316284,2,4900,LAR@NYG,NYG,LAR,,,,,,WR/FLEX
65217-85672,WR,Terrace,Terrace Marshall Jr.,Marshall Jr.,3.4400001525878907,5,4900,MIN@CAR,CAR,MIN,,,,,,WR/FLEX
65217-104278,TE,Donald,Donald Parham Jr.,Parham Jr.,5.75,4,4900,LAC@BAL,LAC,BAL,,,,,,TE/FLEX
65217-56262,WR,Parris,Parris Campbell,Campbell,3.9000000953674316,4,4900,HOU@IND,IND,HOU,,,,,,WR/FLEX
65217-104447,TE,Jody,Jody Fortson,Fortson,5.333333333333333,3,4900,KC@WAS,KC,WAS,,,,,,TE/FLEX
65217-62628,WR,DeAndre,DeAndre Carter,Carter,3.6799999237060548,5,4800,KC@WAS,WAS,KC,,,,,,WR/FLEX
65217-64843,WR,Jalen,Jalen Guyton,Guyton,3.5599998474121093,5,4800,LAC@BAL,LAC,BAL,,,,,,WR/FLEX
65217-80281,WR,C.J.,C.J. Board,Board,1.5399999618530273,5,4800,LAR@NYG,NYG,LAR,,,,,,WR/FLEX
65217-27229,RB,Ameer,Ameer Abdullah,Abdullah,1.2399999618530273,5,4800,MIN@CAR,MIN,CAR,,,,,,RB/FLEX
65217-72370,RB,J.J.,J.J. Taylor,Taylor,0.10000000397364299,3,4800,DAL@NE,NE,DAL,,,,,,RB/FLEX
65217-55165,RB,Justin,Justin Jackson,Jackson,1.975000023841858,4,4800,LAC@BAL,LAC,BAL,Q,Groin,,,,RB/FLEX
65217-91101,TE,Tommy,Tommy Tremble,Tremble,4.599999904632568,4,4800,MIN@CAR,CAR,MIN,,,,,,TE/FLEX
65217-48116,TE,Jonnu,Jonnu Smith,Smith,5.220000076293945,5,4800,DAL@NE,NE,DAL,,,,,,TE/FLEX
65217-91225,RB,Kylin,Kylin Hill,Hill,0.6400000095367432,5,4700,GB@CHI,GB,CHI,,,,,,RB/FLEX
65217-40126,TE,Austin,Austin Hooper,Hooper,4.6400001525878904,5,4700,ARI@CLE,CLE,ARI,,,,,,TE/FLEX
65217-54472,WR,Cam,Cam Sims,Sims,2.450000047683716,2,4700,KC@WAS,WAS,KC,O,Hamstring,,,,WR/FLEX
65217-149710,WR,Mike,Mike Strachan,Strachan,1.7999999523162842,2,4700,HOU@IND,IND,HOU,,,,,,WR/FLEX
65217-12535,D,Indianapolis,Indianapolis Colts,Colts,6.6,5,4700,HOU@IND,IND,HOU,,,,,,DEF
65217-85306,WR,KhaDarel,KhaDarel Hodge,Hodge,2.4666666984558105,3,4700,CIN@DET,DET,CIN,,,,,,WR/FLEX
65217-41305,WR,Zay,Zay Jones,Jones,3.924999952316284,4,4700,LV@DEN,LV,DEN,,,,,,WR/FLEX
65217-52591,RB,Rodney,Rodney Smith,Smith,7.300000190734863,1,4700,MIN@CAR,CAR,MIN,,,,,,RB/FLEX
65217-87418,WR,Joshua,Joshua Palmer,Palmer,2.5,3,4700,LAC@BAL,LAC,BAL,,,,,,WR/FLEX
65217-41426,RB,Phillip,Phillip Lindsay,Lindsay,3.9400001525878907,5,4700,HOU@IND,HOU,IND,,,,,,RB/FLEX
65217-32243,WR,Marquise,Marquise Goodwin,Goodwin,1.8399999618530274,5,4700,GB@CHI,CHI,GB,,,,,,WR/FLEX
65217-70133,RB,Jake,Jake Funk,Funk,0.30000001192092896,2,4700,LAR@NYG,LAR,NYG,,,,,,RB/FLEX
65217-87662,WR,Anthony,Anthony Schwartz,Schwartz,2.0200000762939454,5,4700,ARI@CLE,CLE,ARI,,,,,,WR/FLEX
65217-82731,WR,Brandon,Brandon Zylstra,Zylstra,9.600000381469727,2,4700,MIN@CAR,CAR,MIN,,,,,,WR/FLEX
65217-64339,WR,Auden,Auden Tate,Tate,1.3999999364217122,3,4700,CIN@DET,CIN,DET,,,,,,WR/FLEX
65217-91047,TE,Cole,Cole Kmet,Kmet,2.6200000762939455,5,4700,GB@CHI,CHI,GB,,,,,,TE/FLEX
65217-8117,WR,Danny,Danny Amendola,Amendola,6.650000095367432,2,4700,HOU@IND,HOU,IND,Q,Thigh,,,,WR/FLEX
65217-94262,WR,Antonio,Antonio Gandy-Golden,Gandy-Golden,0.75,4,4600,KC@WAS,WAS,KC,,,,,,WR/FLEX
65217-79974,RB,Tarik,Tarik Cohen,Cohen,2.9,5,4600,GB@CHI,CHI,GB,NA,Knee - acl,,,,RB/FLEX
65217-70859,TE,Albert,Albert Okwuegbunam,Okwuegbunam,3.549999952316284,4,4600,LV@DEN,DEN,LV,IR,Hamstring,,,,TE/FLEX
65217-63717,RB,Alec,Alec Ingold,Ingold,3.6000000635782876,3,4600,LV@DEN,LV,DEN,,,,,,RB/FLEX
65217-70892,RB,A.J.,A.J. Rose Jr.,Rose Jr.,,,4600,MIN@CAR,MIN,CAR,,,,,,RB/FLEX
65217-12537,D,Las Vegas,Las Vegas Raiders,Raiders,4,5,4600,LV@DEN,LV,DEN,,,,,,DEF
65217-91419,WR,Nico,Nico Collins,Collins,2.450000047683716,2,4600,HOU@IND,HOU,IND,IR,Shoulder,,,,WR/FLEX
65217-54608,RB,Jerick,Jerick McKinnon,McKinnon,1.4666666984558105,3,4600,KC@WAS,KC,WAS,,,,,,RB/FLEX
65217-93538,WR,Dyami,Dyami Brown,Brown,1.7999999523162842,4,4600,KC@WAS,WAS,KC,Q,Knee,,,,WR/FLEX
65217-55694,WR,Mike,Mike Thomas,Thomas,1.3000000317891438,3,4600,CIN@DET,CIN,DET,Q,Ankle,,,,WR/FLEX
65217-44449,WR,Willie,Willie Snead IV,Snead IV,1.1749999523162842,4,4600,LV@DEN,LV,DEN,,,,,,WR/FLEX
65217-73130,RB,Chris,Chris Evans,Evans,2.6666666666666665,3,4600,CIN@DET,CIN,DET,,,,,,RB/FLEX
65217-64949,WR,Ja'Marcus,Ja'Marcus Bradley,Bradley,4.25,2,4600,ARI@CLE,CLE,ARI,O,Undisclosed,,,,WR/FLEX
65217-103943,WR,Trinity,Trinity Benson,Benson,1.7,5,4600,CIN@DET,DET,CIN,,,,,,WR/FLEX
65217-104012,WR,Ashton,Ashton Dulin,Dulin,1.3250000476837158,4,4600,HOU@IND,IND,HOU,,,,,,WR/FLEX
65217-70282,RB/WR,Demetric,Demetric Felton,Felton,3.3200000762939452,5,4600,ARI@CLE,CLE,ARI,,,,,,RB/WR/FLEX
65217-91872,RB,Joshua,Joshua Kelley,Kelley,1.7000000476837158,1,4600,LAC@BAL,LAC,BAL,,,,,,RB/FLEX
65217-92976,WR,Tutu,Tutu Atwell,Atwell,0,4,4600,LAR@NYG,LAR,NYG,,,,,,WR/FLEX
65217-40758,RB,Corey,Corey Clement,Clement,0,1,4600,DAL@NE,DAL,NE,,,,,,RB/FLEX
65217-63319,WR,K.J.,K.J. Hill,Hill,0.9,5,4600,LAC@BAL,LAC,BAL,,,,,,WR/FLEX
65217-89970,WR,Amari,Amari Rodgers,Rodgers,0.48000001907348633,5,4600,GB@CHI,GB,CHI,,,,,,WR/FLEX
65217-27527,TE,Blake,Blake Jarwin,Jarwin,4.849999904632568,4,4600,DAL@NE,DAL,NE,,,,,,TE/FLEX
65217-45964,WR,Marcus,Marcus Kemp,Kemp,0,1,4600,KC@WAS,KC,WAS,,,,,,WR/FLEX
65217-30678,WR,Damiere,Damiere Byrd,Byrd,3.4000000953674316,1,4600,GB@CHI,CHI,GB,,,,,,WR/FLEX
65217-92168,WR,Damion,Damion Willis,Willis,0,1,4500,KC@WAS,WAS,KC,,,,,,WR/FLEX
65217-69646,RB,Dedrick,Dedrick Mills,Mills,,,4500,CIN@DET,DET,CIN,,,,,,RB/FLEX
65217-72718,RB,Benny,Benny LeMay,LeMay,0,1,4500,HOU@IND,IND,HOU,,,,,,RB/FLEX
65217-69655,WR,Stephen,Stephen Sullivan,Sullivan,0,1,4500,MIN@CAR,CAR,MIN,,,,,,WR/FLEX
65217-70680,WR,Jalen,Jalen Camp,Camp,,,4500,HOU@IND,HOU,IND,,,,,,WR/FLEX
65217-154661,WR,Michael,Michael Bandy,Bandy,,,4500,LAC@BAL,LAC,BAL,,,,,,WR/FLEX
65217-63554,WR,Dalton,Dalton Schoen,Schoen,0,1,4500,KC@WAS,WAS,KC,,,,,,WR/FLEX
65217-44103,RB,Elijah,Elijah McGuire,McGuire,0,1,4500,KC@WAS,KC,WAS,,,,,,RB/FLEX
65217-68685,WR,Austin,Austin Mack,Mack,2.5200000762939454,5,4500,LAR@NYG,NYG,LAR,,,,,,WR/FLEX
65217-68686,WR,C.J.,C.J. Saunders,Saunders,,,4500,MIN@CAR,CAR,MIN,,,,,,WR/FLEX
65217-91214,WR,Stephen,Stephen Guidry,Guidry,0,1,4500,DAL@NE,DAL,NE,,,,,,WR/FLEX
65217-41042,WR,Marcell,Marcell Ateman,Ateman,,,4500,LV@DEN,LV,DEN,,,,,,WR/FLEX
65217-86113,WR,Ihmir,Ihmir Smith-Marsette,Smith-Marsette,0,3,4500,MIN@CAR,MIN,CAR,,,,,,WR/FLEX
65217-79972,WR,Chad,Chad Williams,Williams,,,4500,KC@WAS,KC,WAS,Q,Undisclosed,,,,WR/FLEX
65217-86125,WR,Brandon,Brandon Smith,Smith,,,4500,DAL@NE,DAL,NE,,,,,,WR/FLEX
65217-79987,WR,David,David Moore,Moore,0,1,4500,LV@DEN,DEN,LV,,,,,,WR/FLEX
65217-61555,WR,David,David Sills,Sills,0,1,4500,LAR@NYG,NYG,LAR,,,,,,WR/FLEX
65217-63603,WR,Jared,Jared Pinkney,Pinkney,0,1,4500,CIN@DET,DET,CIN,,,,,,WR/FLEX
65217-64627,WR,Scotty,Scotty Washington,Washington,0,1,4500,CIN@DET,CIN,DET,,,,,,WR/FLEX
65217-55417,WR,Jon'Vea,Jon'Vea Johnson,Johnson,0,1,4500,GB@CHI,CHI,GB,,,,,,WR/FLEX
65217-64634,WR,Alex,Alex Bachman,Bachman,0,1,4500,LAR@NYG,NYG,LAR,Q,Undisclosed,,,,WR/FLEX
65217-42107,WR,Robert,Robert Foster,Foster,1.566666603088379,3,4500,DAL@NE,DAL,NE,,,,,,WR/FLEX
65217-88186,WR,JoJo,JoJo Ward,Ward,0,2,4500,ARI@CLE,CLE,ARI,,,,,,WR/FLEX
65217-104577,WR,Gunner,Gunner Olszewski,Olszewski,0,4,4500,DAL@NE,NE,DAL,,,,,,WR/FLEX
65217-71821,WR,Joe,Joe Reed,Reed,0.9888888465033637,9,4500,LAC@BAL,LAC,BAL,O,Undisclosed,,,,WR/FLEX
65217-83086,WR,Daurice,Daurice Fountain,Fountain,1.099999984105428,3,4500,KC@WAS,KC,WAS,,,,,,WR/FLEX
65217-89230,RB,Cam,Cam Akers,Akers,9.266666666666667,15,4500,LAR@NYG,LAR,NYG,IR,Achilles,,,,RB/FLEX
65217-88213,RB,Brenden,Brenden Knox,Knox,,,4500,DAL@NE,DAL,NE,,,,,,RB/FLEX
65217-63646,WR,Lawrence,Lawrence Cager,Cager,1.5,3,4500,ARI@CLE,CLE,ARI,,,,,,WR/FLEX
65217-91305,WR,Jeremiah,Jeremiah Haydel,Haydel,,,4500,LAR@NYG,LAR,NYG,,,,,,WR/FLEX
65217-52397,RB,Devante,Devante Downs,Downs,0,1,4500,LAR@NYG,NYG,LAR,,,,,,RB/FLEX
65217-86192,WR,KJ,KJ Hamler,Hamler,3.2999998728434243,3,4500,LV@DEN,DEN,LV,IR,Knee - acl,,,,WR/FLEX
65217-52409,RB,Jakob,Jakob Johnson,Johnson,1.6875,8,4500,DAL@NE,NE,DAL,,,,,,RB/FLEX
65217-52410,WR,Josh,Josh Malone,Malone,1.2000000476837158,4,4500,LV@DEN,DEN,LV,,,,,,WR/FLEX
65217-61631,WR,Olabisi,Olabisi Johnson,Johnson,3.487499952316284,8,4500,MIN@CAR,MIN,CAR,IR,Knee - acl,,,,WR/FLEX
65217-41155,WR,Taquan,Taquan Mizzell,Mizzell,,,4500,LAR@NYG,NYG,LAR,Q,Undisclosed,,,,WR/FLEX
65217-57543,RB,D'Ernest,D'Ernest Johnson,Johnson,0.8999999761581421,1,4500,ARI@CLE,CLE,ARI,,,,,,RB/FLEX
65217-40148,WR,Ishmael,Ishmael Hyman,Hyman,0,2,4500,MIN@CAR,CAR,MIN,,,,,,WR/FLEX
65217-70868,RB,Damarea,Damarea Crockett,Crockett,0.699999988079071,1,4500,LV@DEN,DEN,LV,,,,,,RB/FLEX
65217-149717,RB,JaQuan,JaQuan Hardy,Hardy,,,4500,DAL@NE,DAL,NE,,,,,,RB/FLEX
65217-55514,RB,Buddy,Buddy Howell,Howell,2.3999999364217124,3,4500,LAR@NYG,LAR,NYG,,,,,,RB/FLEX
65217-68835,RB,CJ,CJ Marable,Marable,,,4500,GB@CHI,CHI,GB,,,,,,RB/FLEX
65217-130275,WR,Kristian,Kristian Wilkerson,Wilkerson,0,1,4500,DAL@NE,NE,DAL,,,,,,WR/FLEX
65217-130274,WR,Isaiah,Isaiah Coulter,Coulter,,,4500,GB@CHI,CHI,GB,,,,,,WR/FLEX
65217-69860,RB,Trayveon,Trayveon Williams,Williams,2.7428572518484935,7,4500,CIN@DET,CIN,DET,,,,,,RB/FLEX
65217-130279,WR,Matt,Matt Cole,Cole,0,1,4500,MIN@CAR,CAR,MIN,,,,,,WR/FLEX
65217-40167,RB,Gus,Gus Edwards,Edwards,7.316666497124566,18,4500,LAC@BAL,BAL,LAC,IR,Knee - acl,,,,RB/FLEX
65217-28907,WR,Alex,Alex Erickson,Erickson,0.75,4,4500,MIN@CAR,CAR,MIN,,,,,,WR/FLEX
65217-149742,RB,Nate,Nate McCrary,McCrary,,,4500,LAC@BAL,BAL,LAC,,,,,,RB/FLEX
65217-149743,WR,Donte,Donte Sylencieux,Sylencieux,,,4500,LAC@BAL,BAL,LAC,Q,Undisclosed,,,,WR/FLEX
65217-11504,WR,Andre,Andre Roberts,Roberts,0.4,5,4500,HOU@IND,HOU,IND,,,,,,WR/FLEX
65217-12528,D,Cincinnati,Cincinnati Bengals,Bengals,5.6,5,4500,CIN@DET,CIN,DET,,,,,,DEF
65217-71920,RB,Corey,Corey Taylor,Taylor,,,4500,ARI@CLE,CLE,ARI,,,,,,RB/FLEX
65217-44280,WR,JoJo,JoJo Natson,Natson,0.07500000298023224,4,4500,ARI@CLE,CLE,ARI,,,,,,WR/FLEX
65217-45307,WR,Rodney,Rodney Adams,Adams,0,2,4500,GB@CHI,CHI,GB,,,,,,WR/FLEX
65217-88317,RB,Javon,Javon Leake,Leake,0,1,4500,CIN@DET,DET,CIN,,,,,,RB/FLEX
65217-29949,WR,Marvin,Marvin Hall,Hall,4.6636362942782315,11,4500,DAL@NE,NE,DAL,Q,Undisclosed,,,,WR/FLEX
65217-69884,RB,Darius,Darius Anderson,Anderson,0,1,4500,HOU@IND,IND,HOU,,,,,,RB/FLEX
65217-89342,WR,Jonathan,Jonathan Adams Jr.,Adams Jr.,,,4500,CIN@DET,DET,CIN,,,,,,WR/FLEX
65217-28930,RB,James,James White,White,8.40000025431315,3,4500,DAL@NE,NE,DAL,IR,Hip,,,,RB/FLEX
65217-130309,WR,J.J.,J.J. Koski,Koski,0,2,4500,LAR@NYG,LAR,NYG,,,,,,WR/FLEX
65217-65798,WR,Siaosi,Siaosi Mariner,Mariner,,,4500,LAC@BAL,BAL,LAC,,,,,,WR/FLEX
65217-69894,RB,Sewo,Sewo Olonilua,Olonilua,0,1,4500,DAL@NE,DAL,NE,IR,Neck,,,,RB/FLEX
65217-130318,RB,Mikey,Mikey Daniel,Daniel,0,1,4500,MIN@CAR,CAR,MIN,,,,,,RB/FLEX
65217-130320,WR,Aaron,Aaron Parker,Parker,0,1,4500,MIN@CAR,CAR,MIN,,,,,,WR/FLEX
65217-71955,RB,Mason,Mason Stokke,Stokke,,,4500,MIN@CAR,CAR,MIN,,,,,,RB/FLEX
65217-72981,WR,Aleva,Aleva Hifo,Hifo,,,4500,ARI@CLE,ARI,CLE,,,,,,WR/FLEX
65217-86295,RB,Michael,Michael Warren,Warren,0,2,4500,CIN@DET,DET,CIN,Q,Undisclosed,,,,RB/FLEX
65217-68890,WR,Devin,Devin Gray,Gray,0,1,4500,LAC@BAL,BAL,LAC,,,,,,WR/FLEX
65217-71962,RB,Garrett,Garrett Groshek,Groshek,,,4500,LV@DEN,LV,DEN,,,,,,RB/FLEX
65217-130335,WR,Reggie,Reggie Begelton,Begelton,,,4500,GB@CHI,GB,CHI,,,,,,WR/FLEX
65217-60704,WR,Derrick,Derrick Dillon,Dillon,0,1,4500,LAR@NYG,NYG,LAR,Q,Undisclosed,,,,WR/FLEX
65217-130336,RB,Sandro,Sandro Platzgummer,Platzgummer,0,1,4500,LAR@NYG,NYG,LAR,,,,,,RB/FLEX
65217-130338,WR,Rysen,Rysen John,John,0,1,4500,LAR@NYG,NYG,LAR,IR,Ankle,,,,WR/FLEX
65217-91428,WR,Tarik,Tarik Black,Black,,,4500,HOU@IND,IND,HOU,,,,,,WR/FLEX
65217-91431,RB,Ben,Ben Mason,Mason,,,4500,DAL@NE,NE,DAL,,,,,,RB/FLEX
65217-71974,WR,Malcolm,Malcolm Perry,Perry,2.2444445292154946,9,4500,DAL@NE,NE,DAL,IR,Foot,,,,WR/FLEX
65217-130345,WR,Michael,Michael Dereus,Dereus,0,1,4500,LAC@BAL,BAL,LAC,,,,,,WR/FLEX
65217-89384,WR,DeMichael,DeMichael Harris,Harris,2.9166666666666665,6,4500,HOU@IND,IND,HOU,,,,,,WR/FLEX
65217-90408,WR,Dax,Dax Milne,Milne,1.100000023841858,1,4500,KC@WAS,WAS,KC,,,,,,WR/FLEX
65217-130350,WR,Jaylon,Jaylon Moore,Moore,0,1,4500,LAC@BAL,BAL,LAC,,,,,,WR/FLEX
65217-45371,WR,Darius,Darius Phillips,Phillips,0,5,4500,CIN@DET,CIN,DET,,,,,,WR/FLEX
65217-64827,WR,Miles,Miles Boykin,Boykin,4.23999989827474,15,4500,LAC@BAL,BAL,LAC,,,,,,WR/FLEX
65217-64828,WR,Chris,Chris Finke,Finke,0,1,4500,KC@WAS,KC,WAS,Q,Undisclosed,,,,WR/FLEX
65217-64835,RB,Dexter,Dexter Williams,Williams,0.4000000059604645,2,4500,LAR@NYG,NYG,LAR,,,,,,RB/FLEX
65217-52553,WR,De'Mornay,De'Mornay Pierson-El,Pierson-El,,,4500,LV@DEN,DEN,LV,,,,,,WR/FLEX
65217-64841,WR,Equanimeous,Equanimeous St. Brown,St. Brown,0.25,2,4500,GB@CHI,GB,CHI,,,,,,WR/FLEX
65217-54606,WR,John,John Brown,Brown,7.825000127156575,12,4500,LV@DEN,DEN,LV,,,,,,WR/FLEX
65217-52560,WR,Geronimo,Geronimo Allison,Allison,0,1,4500,CIN@DET,DET,CIN,,,,,,WR/FLEX
65217-73046,WR,Tre,Tre Nixon,Nixon,,,4500,DAL@NE,NE,DAL,,,,,,WR/FLEX
65217-60765,WR,Brian,Brian Cole,Cole,0,1,4500,MIN@CAR,CAR,MIN,,,,,,WR/FLEX
65217-24929,WR,Kelvin,Kelvin Benjamin,Benjamin,,,4500,LAR@NYG,NYG,LAR,,,,,,WR/FLEX
65217-94567,RB,Otis,Otis Anderson,Anderson,,,4500,LAR@NYG,LAR,NYG,,,,,,RB/FLEX
65217-34154,WR,J.J.,J.J. Nelson,Nelson,0,1,4500,HOU@IND,IND,HOU,IR,Groin,,,,WR/FLEX
65217-33137,WR,Justin,Justin Hardy,Hardy,,,4500,GB@CHI,CHI,GB,,,,,,WR/FLEX
65217-91504,WR,Blake,Blake Proehl,Proehl,,,4500,MIN@CAR,MIN,CAR,IR,Leg,,,,WR/FLEX
65217-52598,WR,Johnnie,Johnnie Dixon,Dixon,0,2,4500,DAL@NE,DAL,NE,,,,,,WR/FLEX
65217-52602,WR,DeAndre,DeAndre Thompkins,Thompkins,0,1,4500,GB@CHI,GB,CHI,Q,Undisclosed,,,,WR/FLEX
65217-56698,WR,Dante,Dante Pettis,Pettis,2.2666667302449546,6,4500,LAR@NYG,NYG,LAR,,,,,,WR/FLEX
65217-71039,WR,Kelvin,Kelvin Harmon,Harmon,0,1,4500,KC@WAS,WAS,KC,,,,,,WR/FLEX
65217-70019,RB,Tavien,Tavien Feaster,Feaster,0,1,4500,ARI@CLE,ARI,CLE,,,,,,RB/FLEX
65217-70023,WR,Cornell,Cornell Powell,Powell,,,4500,KC@WAS,KC,WAS,,,,,,WR/FLEX
65217-93577,WR,Dazz,Dazz Newsome,Newsome,,,4500,GB@CHI,CHI,GB,,,,,,WR/FLEX
65217-55689,RB,Ito,Ito Smith,Smith,3.2533332824707033,15,4500,MIN@CAR,MIN,CAR,,,,,,RB/FLEX
65217-64905,WR,Trenton,Trenton Irwin,Irwin,3,1,4500,CIN@DET,CIN,DET,,,,,,WR/FLEX
65217-92552,WR,Brennan,Brennan Eagles,Eagles,,,4500,DAL@NE,DAL,NE,,,,,,WR/FLEX
65217-47501,WR,Marken,Marken Michel,Michel,0,2,4500,KC@WAS,WAS,KC,,,,,,WR/FLEX
65217-53646,WR,Austin,Austin Proehl,Proehl,,,4500,LAC@BAL,LAC,BAL,,,,,,WR/FLEX
65217-28055,WR,Amara,Amara Darboh,Darboh,0,1,4500,LV@DEN,DEN,LV,,,,,,WR/FLEX
65217-43416,WR,Trent,Trent Taylor,Taylor,1.2363636710427024,11,4500,CIN@DET,CIN,DET,,,,,,WR/FLEX
65217-72091,RB,Raymond,Raymond Calais,Calais,0,5,4500,LAR@NYG,LAR,NYG,IR,Foot,,,,RB/FLEX
65217-41371,RB,Khalfani,Khalfani Muhammad,Muhammad,0,1,4500,ARI@CLE,ARI,CLE,,,,,,RB/FLEX
65217-73116,WR,Javon,Javon McKinley,McKinley,,,4500,CIN@DET,DET,CIN,,,,,,WR/FLEX
65217-32161,WR,Gehrig,Gehrig Dieter,Dieter,1.5,1,4500,KC@WAS,KC,WAS,,,,,,WR/FLEX
65217-60835,WR,Isaac,Isaac Whitney,Whitney,,,4500,ARI@CLE,ARI,CLE,,,,,,WR/FLEX
65217-60838,WR,Andre,Andre Baccellia,Baccellia,0,1,4500,ARI@CLE,ARI,CLE,,,,,,WR/FLEX
65217-72103,RB,Trey,Trey Ragas,Ragas,,,4500,LV@DEN,LV,DEN,,,,,,RB/FLEX
65217-80299,RB,Patrick,Patrick Ricard,Ricard,1.1999999682108562,3,4500,LAC@BAL,BAL,LAC,,,,,,RB/FLEX
65217-62891,WR,Omar,Omar Bayless,Bayless,0,2,4500,MIN@CAR,CAR,MIN,,,,,,WR/FLEX
65217-63919,WR,Bailey,Bailey Gaither,Gaither,,,4500,GB@CHI,GB,CHI,,,,,,WR/FLEX
65217-28080,WR,Devin,Devin Funchess,Funchess,,,4500,GB@CHI,GB,CHI,Q,Hamstring,,,,WR/FLEX
65217-60849,WR,Blake,Blake Lynch,Lynch,,,4500,MIN@CAR,MIN,CAR,,,,,,WR/FLEX
65217-147899,RB,Darius,Darius Clark,Clark,,,4500,MIN@CAR,CAR,MIN,Q,Knee,,,,RB/FLEX
65217-60861,WR,Damion,Damion Ratley,Ratley,1.3833333651224773,6,4500,DAL@NE,DAL,NE,,,,,,WR/FLEX
65217-71105,WR,Ben,Ben Skowronek,Skowronek,,,4500,LAR@NYG,LAR,NYG,,,,,,WR/FLEX
65217-64962,RB,LeVante,LeVante Bellamy,Bellamy,0.6999999682108561,3,4500,LV@DEN,DEN,LV,IR,Ankle,,,,RB/FLEX
65217-72133,WR,Antoine,Antoine Wesley,Wesley,0,1,4500,ARI@CLE,ARI,CLE,,,,,,WR/FLEX
65217-55750,WR,Chris,Chris Lacy,Lacy,0,1,4500,GB@CHI,CHI,GB,,,,,,WR/FLEX
65217-72135,WR,T.J.,T.J. Vasher,Vasher,,,4500,DAL@NE,DAL,NE,IR,Knee - meniscus,,,,WR/FLEX
65217-26057,RB,Michael,Michael Burton,Burton,0.625,4,4500,KC@WAS,KC,WAS,,,,,,RB/FLEX
65217-64973,WR,Micah,Micah Simon,Simon,,,4500,MIN@CAR,CAR,MIN,,,,,,WR/FLEX
65217-69068,RB,Jonathan,Jonathan Ward,Ward,1.899999976158142,4,4500,ARI@CLE,ARI,CLE,,,,,,RB/FLEX
65217-64974,RB,Francis,Francis Bernard,Bernard,0,1,4500,DAL@NE,DAL,NE,IR,Hamstring,,,,RB/FLEX
65217-31184,RB,Jonathan,Jonathan Williams,Williams,0.8666666348775228,3,4500,KC@WAS,WAS,KC,,,,,,RB/FLEX
65217-71120,WR,Riley,Riley Lees,Lees,,,4500,CIN@DET,CIN,DET,,,,,,WR/FLEX
65217-41430,WR,Devin,Devin Ross,Ross,0,1,4500,DAL@NE,NE,DAL,,,,,,WR/FLEX
65217-103896,WR,Nsimba,Nsimba Webster,Webster,0,3,4500,GB@CHI,CHI,GB,,,,,,WR/FLEX
65217-87515,WR,Tylan,Tylan Wallace,Wallace,,,4500,LAC@BAL,BAL,LAC,,,,,,WR/FLEX
65217-103901,WR,Davion,Davion Davis,Davis,,,4500,HOU@IND,HOU,IND,,,,,,WR/FLEX
65217-73180,WR,Binjimen,Binjimen Victor,Victor,0,1,4500,LAC@BAL,BAL,LAC,Q,Head,,,,WR/FLEX
65217-103902,WR,Alexander,Alexander Hollins,Hollins,,,4500,ARI@CLE,CLE,ARI,,,,,,WR/FLEX
65217-60910,WR,Dede,Dede Westbrook,Westbrook,1.4199999809265136,5,4500,MIN@CAR,MIN,CAR,,,,,,WR/FLEX
65217-34295,WR,Breshad,Breshad Perriman,Perriman,7.008333206176758,12,4500,GB@CHI,CHI,GB,,,,,,WR/FLEX
65217-89613,WR,Simi,Simi Fehoko,Fehoko,,,4500,DAL@NE,DAL,NE,,,,,,WR/FLEX
65217-88590,RB,Scottie,Scottie Phillips,Phillips,2.0999999046325684,1,4500,HOU@IND,HOU,IND,,,,,,RB/FLEX
65217-22037,RB,Lamar,Lamar Miller,Miller,0.5333333412806193,3,4500,KC@WAS,WAS,KC,,,,,,RB/FLEX
65217-91677,WR,Shi,Shi Smith,Smith,,,4500,MIN@CAR,CAR,MIN,,,,,,WR/FLEX
65217-73247,RB,Kene,Kene Nwangwu,Nwangwu,,,4500,MIN@CAR,MIN,CAR,IR,Knee,,,,RB/FLEX
65217-69150,WR,Jordan,Jordan Veasy,Veasy,0,1,4500,HOU@IND,HOU,IND,,,,,,WR/FLEX
65217-54817,WR,Diontae,Diontae Spencer,Spencer,0.04000000059604645,5,4500,LV@DEN,DEN,LV,,,,,,WR/FLEX
65217-72235,WR,Damon,Damon Hazelton,Hazelton,,,4500,HOU@IND,HOU,IND,,,,,,WR/FLEX
65217-38444,RB,Tyler,Tyler Gaffney,Gaffney,,,4500,DAL@NE,NE,DAL,,,,,,RB/FLEX
65217-103998,WR,Thomas,Thomas Ives,Ives,0,2,4500,GB@CHI,CHI,GB,Q,Undisclosed,,,,WR/FLEX
65217-87617,WR,Sage,Sage Surratt,Surratt,,,4500,CIN@DET,DET,CIN,,,,,,WR/FLEX
65217-52808,RB,Dontrell,Dontrell Hilliard,Hilliard,1.1,5,4500,HOU@IND,HOU,IND,,,,,,RB/FLEX
65217-54863,WR,C.J.,C.J. Goodwin,Goodwin,0,5,4500,DAL@NE,DAL,NE,,,,,,WR/FLEX
65217-63061,WR,Gary,Gary Jennings,Jennings,0,1,4500,HOU@IND,IND,HOU,Q,Undisclosed,,,,WR/FLEX
65217-62042,WR,Deon,Deon Cain,Cain,0,1,4500,LAC@BAL,BAL,LAC,,,,,,WR/FLEX
65217-22113,RB,Alfred,Alfred Morris,Morris,3.9200000762939453,10,4500,LAR@NYG,NYG,LAR,,,,,,RB/FLEX
65217-72297,RB,Rico,Rico Dowdle,Dowdle,0.8000000317891439,3,4500,DAL@NE,DAL,NE,IR,Hip,,,,RB/FLEX
65217-87657,WR,Seth,Seth Williams,Williams,,,4500,LV@DEN,DEN,LV,,,,,,WR/FLEX
65217-104041,WR,Myron,Myron Mitchell,Mitchell,,,4500,MIN@CAR,MIN,CAR,,,,,,WR/FLEX
65217-56946,WR,Ventell,Ventell Bryant,Bryant,0,1,4500,MIN@CAR,CAR,MIN,,,,,,WR/FLEX
65217-88699,RB,Jaret,Jaret Patterson,Patterson,1.3000000317891438,3,4500,KC@WAS,WAS,KC,,,,,,RB/FLEX
65217-55940,WR,Chad,Chad Hansen,Hansen,7.619999694824219,5,4500,CIN@DET,DET,CIN,Q,Undisclosed,,,,WR/FLEX
65217-91783,WR,Warren,Warren Jackson,Jackson,,,4500,MIN@CAR,MIN,CAR,,,,,,WR/FLEX
65217-27273,RB,Andy,Andy Janovich,Janovich,2.6666666666666665,3,4500,ARI@CLE,CLE,ARI,IR,Hamstring,,,,RB/FLEX
65217-61072,WR,Stanley,Stanley Morgan,Morgan,0,1,4500,CIN@DET,CIN,DET,,,,,,WR/FLEX
65217-47780,WR,Taywan,Taywan Taylor,Taylor,0,2,4500,HOU@IND,HOU,IND,Q,Undisclosed,,,,WR/FLEX
65217-52902,WR,Trey,Trey Quinn,Quinn,0,3,4500,LV@DEN,LV,DEN,Q,Undisclosed,,,,WR/FLEX
65217-7856,WR,Matthew,Matthew Slater,Slater,0,1,4500,DAL@NE,NE,DAL,,,,,,WR/FLEX
65217-89785,RB,Spencer,Spencer Brown,Brown,,,4500,MIN@CAR,CAR,MIN,,,,,,RB/FLEX
65217-58041,RB,Mike,Mike Boone,Boone,2.316666603088379,6,4500,LV@DEN,DEN,LV,IR,Quadriceps,,,,RB/FLEX
65217-28346,TE,Maxx,Maxx Williams,Williams,6.659999847412109,5,4500,ARI@CLE,ARI,CLE,IR,Knee,,,,TE/FLEX
65217-104124,WR,Darrius,Darrius Shepherd,Shepherd,0.7285714149475098,7,4500,KC@WAS,KC,WAS,,,,,,WR/FLEX
65217-71359,WR,Javon,Javon Wims,Wims,1.5727272033691406,11,4500,LV@DEN,LV,DEN,,,,,,WR/FLEX
65217-72382,RB,Gabe,Gabe Nabers,Nabers,1.149999976158142,2,4500,LAC@BAL,LAC,BAL,,,,,,RB/FLEX
65217-73406,WR,DeVontres,DeVontres Dukes,Dukes,,,4500,LV@DEN,DEN,LV,Q,Undisclosed,,,,WR/FLEX
65217-52931,RB,Eli,Eli Penny,Penny,0.375,4,4500,LAR@NYG,NYG,LAR,,,,,,RB/FLEX
65217-27338,RB,Rex,Rex Burkhead,Burkhead,0.6666666666666666,3,4500,HOU@IND,HOU,IND,Q,Hip,,,,RB/FLEX
65217-69325,WR,Riley,Riley Ridley,Ridley,2.1,5,4500,GB@CHI,CHI,GB,,,,,,WR/FLEX
65217-71372,WR,Tyrie,Tyrie Cleveland,Cleveland,1.3285714558192663,7,4500,LV@DEN,DEN,LV,,,,,,WR/FLEX
65217-71382,WR,Osirus,Osirus Mitchell,Mitchell,,,4500,DAL@NE,DAL,NE,O,Foot,,,,WR/FLEX
65217-88793,RB,Stevie,Stevie Scott III,Scott III,,,4500,LV@DEN,DEN,LV,,,,,,RB/FLEX
65217-64222,RB,Jordan,Jordan Glasgow,Glasgow,0,2,4500,HOU@IND,IND,HOU,IR,Concussion,,,,RB/FLEX
65217-69343,WR,Landen,Landen Akers,Akers,,,4500,LAR@NYG,LAR,NYG,,,,,,WR/FLEX
65217-63201,RB,Xavier,Xavier Jones,Jones,0,3,4500,LAR@NYG,LAR,NYG,IR,Achilles,,,,RB/FLEX
65217-40674,WR,Jester,Jester Weah,Weah,0,1,4500,GB@CHI,CHI,GB,,,,,,WR/FLEX
65217-147168,WR,Chris,Chris Blair,Blair,,,4500,GB@CHI,GB,CHI,,,,,,WR/FLEX
65217-29411,TE,Pharaoh,Pharaoh Brown,Brown,3.25,4,4500,HOU@IND,HOU,IND,Q,Shoulder,,,,TE/FLEX
65217-57064,RB,Ryan,Ryan Nall,Nall,1.6700000762939453,10,4500,GB@CHI,CHI,GB,,,,,,RB/FLEX
65217-38634,WR,Ryan,Ryan Switzer,Switzer,0,1,4500,ARI@CLE,CLE,ARI,IR,Foot,,,,WR/FLEX
65217-87787,RB,J.K.,J.K. Dobbins,Dobbins,10.617647058823529,17,4500,LAC@BAL,BAL,LAC,IR,Knee - acl,,,,RB/FLEX
65217-64242,WR,Keke,Keke Coutee,Coutee,8.8125,8,4500,HOU@IND,IND,HOU,,,,,,WR/FLEX
65217-56051,WR,Caleb,Caleb Scott,Scott,,,4500,LV@DEN,LV,DEN,Q,Undisclosed,,,,WR/FLEX
65217-71414,WR,Quartney,Quartney Davis,Davis,,,4500,HOU@IND,IND,HOU,IR,Shoulder,,,,WR/FLEX
65217-64252,WR,Tony,Tony Brown,Brown,0,1,4500,KC@WAS,WAS,KC,,,,,,WR/FLEX
65217-88830,WR,Whop,Whop Philyor,Philyor,,,4500,MIN@CAR,MIN,CAR,,,,,,WR/FLEX
65217-56064,RB,Bo,Bo Scarbrough,Scarbrough,1.5499999523162842,2,4500,LV@DEN,LV,DEN,,,,,,RB/FLEX
65217-85762,RB,Eno,Eno Benjamin,Benjamin,0,2,4500,ARI@CLE,ARI,CLE,,,,,,RB/FLEX
65217-92932,RB,Javian,Javian Hawkins,Hawkins,,,4500,LAR@NYG,LAR,NYG,,,,,,RB/FLEX
65217-69383,WR,Dezmon,Dezmon Patmon,Patmon,0,1,4500,HOU@IND,IND,HOU,IR,Foot,,,,WR/FLEX
65217-41741,WR,DaeSean,DaeSean Hamilton,Hamilton,4.233333269755046,12,4500,LV@DEN,DEN,LV,IR,Knee - acl,,,,WR/FLEX
65217-94993,RB,Pooka,Pooka Williams Jr.,Williams Jr.,,,4500,CIN@DET,CIN,DET,,,,,,RB/FLEX
65217-56099,RB,Cullen,Cullen Gillaspia,Gillaspia,0.550000011920929,2,4500,LAR@NYG,NYG,LAR,,,,,,RB/FLEX
65217-33578,RB,Jalen,Jalen Richard,Richard,0.8999999761581421,1,4500,LV@DEN,LV,DEN,,,,,,RB/FLEX
65217-72493,WR,Trishton,Trishton Jackson,Jackson,0,2,4500,MIN@CAR,MIN,CAR,,,,,,WR/FLEX
65217-55088,WR,Malik,Malik Turner,Turner,0,1,4500,DAL@NE,DAL,NE,,,,,,WR/FLEX
65217-32564,WR,Josh,Josh Doctson,Doctson,0,1,4500,ARI@CLE,ARI,CLE,,,,,,WR/FLEX
65217-71477,WR,Maurice,Maurice Ffrench,Ffrench,,,4500,LAC@BAL,LAC,BAL,,,,,,WR/FLEX
65217-31561,WR,Donte,Donte Moncrief,Moncrief,0.40000001589457196,6,4500,HOU@IND,HOU,IND,Q,Undisclosed,,,,WR/FLEX
65217-56142,WR,Juwann,Juwann Winfree,Winfree,,,4500,GB@CHI,GB,CHI,,,,,,WR/FLEX
65217-73551,WR,Stantley,Stantley Thomas-Oliver III,Thomas-Oliver III,0,2,4500,MIN@CAR,CAR,MIN,,,,,,WR/FLEX
65217-71519,WR,Dillon,Dillon Stoner,Stoner,,,4500,LV@DEN,LV,DEN,,,,,,WR/FLEX
65217-93023,RB,Jermar,Jermar Jefferson,Jefferson,,,4500,CIN@DET,DET,CIN,,,,,,RB/FLEX
65217-71521,RB,Justice,Justice Hill,Hill,1.3125,8,4500,LAC@BAL,BAL,LAC,IR,Achilles,,,,RB/FLEX
65217-104289,WR,Malik,Malik Taylor,Taylor,2.4000000953674316,1,4500,GB@CHI,GB,CHI,,,,,,WR/FLEX
65217-63330,RB,Mike,Mike Weber,Weber,,,4500,LAR@NYG,NYG,LAR,Q,Hip,,,,RB/FLEX
65217-70501,RB,C.J.,C.J. Ham,Ham,1.0499999523162842,4,4500,MIN@CAR,MIN,CAR,,,,,,RB/FLEX
65217-104297,WR,Jason,Jason Moore Jr.,Moore Jr.,0,1,4500,LAC@BAL,LAC,BAL,Q,Undisclosed,,,,WR/FLEX
65217-72552,WR,Branden,Branden Mack,Mack,,,4500,LV@DEN,DEN,LV,,,,,,WR/FLEX
65217-63360,WR,Antonio,Antonio Callaway,Callaway,0.75,4,4500,KC@WAS,KC,WAS,Q,Knee,,,,WR/FLEX
65217-28545,RB,Rod,Rod Smith,Smith,0,1,4500,MIN@CAR,CAR,MIN,,,,,,RB/FLEX
65217-43912,WR,Chad,Chad Beebe,Beebe,3.6454544067382812,11,4500,MIN@CAR,MIN,CAR,IR,Foot,,,,WR/FLEX
65217-41867,RB,Jordan,Jordan Wilkins,Wilkins,0,1,4500,HOU@IND,IND,HOU,O,Illness,,,,RB/FLEX
65217-64405,WR,Dan,Dan Chisena,Chisena,,,4500,MIN@CAR,MIN,CAR,,,,,,WR/FLEX
65217-71578,RB,Artavis,Artavis Pierce,Pierce,1.8799999237060547,5,4500,GB@CHI,CHI,GB,,,,,,RB/FLEX
65217-25513,WR,Darius,Darius Jennings,Jennings,0,1,4500,CIN@DET,DET,CIN,,,,,,WR/FLEX
65217-54186,WR,A.J.,A.J. Richardson,Richardson,0,2,4500,ARI@CLE,ARI,CLE,,,,,,WR/FLEX
65217-45997,WR,Keith,Keith Kirkwood,Kirkwood,0.8999999761581421,2,4500,MIN@CAR,CAR,MIN,,,,,,WR/FLEX
65217-72627,RB,Patrick,Patrick Taylor,Taylor,,,4500,GB@CHI,GB,CHI,,,,,,RB/FLEX
65217-39859,TE,Jack,Jack Doyle,Doyle,3.959999847412109,5,4500,HOU@IND,IND,HOU,,,,,,TE/FLEX
65217-69558,WR,Greg,Greg Dortch,Dortch,0,2,4500,ARI@CLE,ARI,CLE,,,,,,WR/FLEX
65217-55224,RB,Reggie,Reggie Bonnafon,Bonnafon,3.924999952316284,4,4500,MIN@CAR,CAR,MIN,Q,Undisclosed,,,,RB/FLEX
65217-56248,WR,Noah,Noah Brown,Brown,3.25,2,4500,DAL@NE,DAL,NE,,,,,,WR/FLEX
65217-63419,WR,Andy,Andy Isabella,Isabella,4.027272657914595,11,4500,ARI@CLE,ARI,CLE,,,,,,WR/FLEX
65217-32703,WR,Jakeem,Jakeem Grant,Grant,-0.7400000095367432,5,4500,GB@CHI,CHI,GB,Q,Groin,,,,WR/FLEX
65217-104388,WR,Tom,Tom Kennedy,Kennedy,0,1,4500,CIN@DET,DET,CIN,,,,,,WR/FLEX
65217-69577,RB,Tre,Tre Harbison,Harbison,,,4500,ARI@CLE,CLE,ARI,IR,Concussion,,,,RB/FLEX
65217-93134,RB,Deon,Deon Jackson,Jackson,,,4500,HOU@IND,IND,HOU,,,,,,RB/FLEX
65217-72669,WR,Isaiah,Isaiah Wright,Wright,2.7333332697550454,12,4500,KC@WAS,WAS,KC,,,,,,WR/FLEX
65217-41954,WR,Victor,Victor Bolden,Bolden,0,1,4500,CIN@DET,DET,CIN,,,,,,WR/FLEX
65217-104424,RB,Craig,Craig Reynolds,Reynolds,0.40000001589457196,3,4500,CIN@DET,DET,CIN,,,,,,RB/FLEX
65217-71662,WR,DJ,DJ Turner,Turner,,,4500,LV@DEN,LV,DEN,,,,,,WR/FLEX
65217-70645,WR,Eli,Eli Stove,Stove,,,4500,LAC@BAL,LAC,BAL,Q,Knee - acl,,,,WR/FLEX
65217-72693,RB,Adrian,Adrian Killins,Killins,-0.25,2,4500,LV@DEN,DEN,LV,IR,Ankle,,,,RB/FLEX
65217-63479,RB,John,John Kelly,Kelly,0,1,4500,ARI@CLE,CLE,ARI,,,,,,RB/FLEX
65217-39930,WR,Reggie,Reggie Davis,Davis,0,2,4500,DAL@NE,DAL,NE,,,,,,WR/FLEX
65217-71806,TE,Kaden,Kaden Smith,Smith,2.4000000953674316,2,4400,LAR@NYG,NYG,LAR,,,,,,TE/FLEX
65217-80011,TE,Antony,Antony Auclair,Auclair,7.599999904632568,1,4400,HOU@IND,HOU,IND,,,,,,TE/FLEX
65217-12531,D,Denver,Denver Broncos,Broncos,8.4,5,4400,LV@DEN,DEN,LV,,,,,,DEF
65217-72515,TE,Ian,Ian Thomas,Thomas,3.0999999046325684,4,4400,MIN@CAR,CAR,MIN,,,,,,TE/FLEX
65217-11512,TE,Jimmy,Jimmy Graham,Graham,0.800000011920929,2,4300,GB@CHI,CHI,GB,,,,,,TE/FLEX
65217-12546,D,Arizona,Arizona Cardinals,Cardinals,10.2,5,4300,ARI@CLE,ARI,CLE,,,,,,DEF
65217-14237,TE,Kyle,Kyle Rudolph,Rudolph,2.6500000953674316,4,4300,LAR@NYG,NYG,LAR,,,,,,TE/FLEX
65217-70601,TE,Harrison,Harrison Bryant,Bryant,2.4749999046325684,4,4300,ARI@CLE,CLE,ARI,,,,,,TE/FLEX
65217-104421,TE,Jesper,Jesper Horsted,Horsted,6.699999809265137,1,4300,GB@CHI,CHI,GB,,,,,,TE/FLEX
65217-12533,D,Green Bay,Green Bay Packers,Packers,4.6,5,4200,GB@CHI,GB,CHI,,,,,,DEF
65217-60712,TE,Foster,Foster Moreau,Moreau,5.849999904632568,2,4200,LV@DEN,LV,DEN,,,,,,TE/FLEX
65217-63907,TE,Josh,Josh Oliver,Oliver,0.9600000381469727,5,4200,LAC@BAL,BAL,LAC,,,,,,TE/FLEX
65217-29277,TE,Stephen,Stephen Anderson,Anderson,1.600000023841858,4,4200,LAC@BAL,LAC,BAL,,,,,,TE/FLEX
65217-57338,TE,Jordan,Jordan Akins,Akins,1.8600000381469726,5,4200,HOU@IND,HOU,IND,,,,,,TE/FLEX
65217-28694,TE,Jesse,Jesse James,James,2.6583333015441895,12,4100,GB@CHI,CHI,GB,Q,Personal,,,,TE/FLEX
65217-55336,TE,Chris,Chris Herndon,Herndon,0,1,4100,MIN@CAR,MIN,CAR,,,,,,TE/FLEX
65217-12530,D,Dallas,Dallas Cowboys,Cowboys,9.2,5,4100,DAL@NE,DAL,NE,,,,,,DEF
65217-73089,TE,Devin,Devin Asiasi,Asiasi,2.1799999237060548,5,4100,DAL@NE,NE,DAL,,,,,,TE/FLEX
65217-56711,TE,Drew,Drew Sample,Sample,1.899999976158142,1,4100,CIN@DET,CIN,DET,,,,,,TE/FLEX
65217-38301,TE,Darren,Darren Fells,Fells,2.5999999046325684,2,4100,CIN@DET,DET,CIN,,,,,,TE/FLEX
65217-40371,TE,Johnny,Johnny Mundt,Mundt,1.399999976158142,1,4100,LAR@NYG,LAR,NYG,,,,,,TE/FLEX
65217-31169,TE,Jeremy,Jeremy Sprinkle,Sprinkle,0.48000001907348633,5,4100,DAL@NE,DAL,NE,,,,,,TE/FLEX
65217-71143,TE,Kylen,Kylen Granson,Granson,1.850000023841858,2,4100,HOU@IND,IND,HOU,,,,,,TE/FLEX
65217-6672,TE,Marcedes,Marcedes Lewis,Lewis,2.6666666666666665,3,4100,GB@CHI,GB,CHI,,,,,,TE/FLEX
65217-61112,TE,Josiah,Josiah Deguara,Deguara,0.8999999761581421,1,4100,GB@CHI,GB,CHI,,,,,,TE/FLEX
65217-27403,TE,Blake,Blake Bell,Bell,1.375,4,4100,KC@WAS,KC,WAS,O,Back,,,,TE/FLEX
65217-72705,TE,John,John Bates,Bates,,,4000,KC@WAS,WAS,KC,,,,,,TE/FLEX
65217-71697,TE,Shaun,Shaun Beyer,Beyer,,,4000,LV@DEN,DEN,LV,,,,,,TE/FLEX
65217-72725,TE,Irv,Irv Smith Jr.,Smith Jr.,6.958333333333333,12,4000,MIN@CAR,MIN,CAR,IR,Knee - meniscus,,,,TE/FLEX
65217-27672,TE,Matt,Matt LaCosse,LaCosse,0,1,4000,DAL@NE,NE,DAL,,,,,,TE/FLEX
65217-29725,TE,Levine,Levine Toilolo,Toilolo,1.1833333174387615,6,4000,LAR@NYG,NYG,LAR,IR,Achilles,,,,TE/FLEX
65217-62510,TE,Nick,Nick Boyle,Boyle,3.3666665818956165,9,4000,LAC@BAL,BAL,LAC,IR,Knee - mcl,,,,TE/FLEX
65217-59455,TE,Sammis,Sammis Reyes,Reyes,,,4000,KC@WAS,WAS,KC,Q,Back,,,,TE/FLEX
65217-30787,TE,Alex,Alex Ellis,Ellis,0,1,4000,LV@DEN,LV,DEN,,,,,,TE/FLEX
65217-65607,TE,Jacob,Jacob Harris,Harris,,,4000,LAR@NYG,LAR,NYG,,,,,,TE/FLEX
65217-63565,TE,Jake,Jake Breeland,Breeland,0,1,4000,LAC@BAL,BAL,LAC,Q,Knee - acl,,,,TE/FLEX
65217-71767,TE,Caleb,Caleb Wilson,Wilson,0,1,4000,KC@WAS,WAS,KC,,,,,,TE/FLEX
65217-64603,TE,Farrod,Farrod Green,Green,0,1,4000,HOU@IND,IND,HOU,,,,,,TE/FLEX
65217-42077,TE,James,James Winchester,Winchester,,,4000,KC@WAS,KC,WAS,,,,,,TE/FLEX
65217-46177,TE,David,David Wells,Wells,,,4000,HOU@IND,IND,HOU,,,,,,TE/FLEX
65217-79980,TE,Eric,Eric Saubert,Saubert,1.2000000476837158,2,4000,LV@DEN,DEN,LV,,,,,,TE/FLEX
65217-68730,TE,Sean,Sean McKeon,McKeon,0,1,4000,DAL@NE,DAL,NE,IR,Ankle,,,,TE/FLEX
65217-158851,TE,Graham,Graham Adomitis,Adomitis,,,4000,HOU@IND,IND,HOU,,,,,,TE/FLEX
65217-54426,TE,Andrew,Andrew Beck,Beck,0,1,4000,LV@DEN,DEN,LV,,,,,,TE/FLEX
65217-86178,TE,Dominique,Dominique Dafney,Dafney,2.4000000953674316,4,4000,GB@CHI,GB,CHI,IR,Hip,,,,TE/FLEX
65217-32957,TE,Eric,Eric Tomlinson,Tomlinson,0,2,4000,LAC@BAL,BAL,LAC,,,,,,TE/FLEX
65217-9409,TE,Clark,Clark Harris,Harris,0,1,4000,CIN@DET,CIN,DET,,,,,,TE/FLEX
65217-89283,TE,Tre',Tre' McKitty,McKitty,,,4000,LAC@BAL,LAC,BAL,,,,,,TE/FLEX
65217-65737,TE,Sam,Sam Tecklenburg,Tecklenburg,0,2,4000,MIN@CAR,CAR,MIN,,,,,,TE/FLEX
65217-149708,TE,Zach,Zach Davidson,Davidson,,,4000,MIN@CAR,MIN,CAR,,,,,,TE/FLEX
65217-63697,TE,Brycen,Brycen Hopkins,Hopkins,0,2,4000,LAR@NYG,LAR,NYG,,,,,,TE/FLEX
65217-149727,TE,Bernhard,Bernhard Seikovits,Seikovits,,,4000,ARI@CLE,ARI,CLE,,,,,,TE/FLEX
65217-130286,TE,Ben,Ben Ellefson,Ellefson,0,1,4000,MIN@CAR,MIN,CAR,O,Knee,,,,TE/FLEX
65217-64762,TE,Nakia,Nakia Griffin-Stewart,Griffin-Stewart,,,4000,LAR@NYG,NYG,LAR,,,,,,TE/FLEX
65217-61693,TE,Danny,Danny Pinter,Pinter,0,1,4000,HOU@IND,IND,HOU,,,,,,TE/FLEX
65217-12553,D,Carolina,Carolina Panthers,Panthers,6.6,5,4000,MIN@CAR,CAR,MIN,,,,,,DEF
65217-69898,TE,Artayvious,Artayvious Lynn,Lynn,,,4000,DAL@NE,DAL,NE,,,,,,TE/FLEX
65217-68895,TE,Bruno,Bruno Labelle,Labelle,,,4000,ARI@CLE,ARI,CLE,Q,Undisclosed,,,,TE/FLEX
65217-90398,TE,Matt,Matt Bushman,Bushman,,,4000,LV@DEN,LV,DEN,,,,,,TE/FLEX
65217-138552,TE,Connor,Connor Davis,Davis,0,1,4000,ARI@CLE,CLE,ARI,IR,Shoulder,,,,TE/FLEX
65217-64833,TE,Alize,Alize Mack,Mack,,,4000,CIN@DET,DET,CIN,,,,,,TE/FLEX
65217-149827,TE,Nick,Nick Guggemos,Guggemos,,,4000,KC@WAS,WAS,KC,,,,,,TE/FLEX
65217-149832,TE,Shane,Shane Zylstra,Zylstra,,,4000,CIN@DET,DET,CIN,,,,,,TE/FLEX
65217-63841,TE,Matt,Matt Seybert,Seybert,,,4000,LAC@BAL,LAC,BAL,,,,,,TE/FLEX
65217-25957,TE,J.P.,J.P. Holtz,Holtz,0,7,4000,GB@CHI,CHI,GB,Q,Quadriceps,,,,TE/FLEX
65217-60788,TE,Nick,Nick Ralston,Ralston,,,4000,DAL@NE,DAL,NE,,,,,,TE/FLEX
65217-22920,TE,Derek,Derek Carrier,Carrier,2.299999952316284,1,4000,LV@DEN,LV,DEN,IR,Pectoral,,,,TE/FLEX
65217-71048,TE,Thaddeus,Thaddeus Moss,Moss,0,1,4000,CIN@DET,CIN,DET,O,Head,,,,TE/FLEX
65217-97672,TE,Carson,Carson Williams,Williams,,,4000,LV@DEN,LV,DEN,,,,,,TE/FLEX
65217-94609,TE,Pro,Pro Wells,Wells,,,4000,CIN@DET,CIN,DET,,,,,,TE/FLEX
65217-47551,TE,Mason,Mason Schreck,Schreck,0,2,4000,CIN@DET,CIN,DET,,,,,,TE/FLEX
65217-69069,TE,Tony,Tony Poljan,Poljan,,,4000,LAC@BAL,BAL,LAC,,,,,,TE/FLEX
65217-73172,TE,Jake,Jake Hausmann,Hausmann,,,4000,LAR@NYG,NYG,LAR,,,,,,TE/FLEX
65217-103900,TE,Brandon,Brandon Dillon,Dillon,1.100000023841858,1,4000,MIN@CAR,MIN,CAR,,,,,,TE/FLEX
65217-41469,TE,Darrell,Darrell Daniels,Daniels,2.4000000953674316,8,4000,ARI@CLE,ARI,CLE,Q,Illness,,,,TE/FLEX
65217-62981,TE,Eli,Eli Wolf,Wolf,0,1,4000,LAC@BAL,BAL,LAC,,,,,,TE/FLEX
65217-62998,TE,Jace,Jace Sternberger,Sternberger,2.924999952316284,8,4000,KC@WAS,WAS,KC,,,,,,TE/FLEX
65217-64023,TE,Kyle,Kyle Markway,Markway,0,1,4000,ARI@CLE,CLE,ARI,,,,,,TE/FLEX
65217-14895,TE,Patrick,Patrick Scales,Scales,0,2,4000,GB@CHI,CHI,GB,,,,,,TE/FLEX
65217-46644,TE,Paul,Paul Quessenberry,Quessenberry,0,1,4000,HOU@IND,HOU,IND,,,,,,TE/FLEX
65217-69173,TE,Hunter,Hunter Kampmoyer,Kampmoyer,,,4000,LAC@BAL,LAC,BAL,,,,,,TE/FLEX
65217-60981,TE,Charlie,Charlie Heck,Heck,0.800000011920929,1,4000,HOU@IND,HOU,IND,,,,,,TE/FLEX
65217-60984,TE,Jake,Jake Bargas,Bargas,,,4000,MIN@CAR,MIN,CAR,,,,,,TE/FLEX
65217-30272,TE,Colin,Colin Thompson,Thompson,2.3999999364217124,3,4000,MIN@CAR,CAR,MIN,,,,,,TE/FLEX
65217-104008,TE,Stephen,Stephen Carlson,Carlson,0.44999998807907104,8,4000,ARI@CLE,CLE,ARI,IR,Knee,,,,TE/FLEX
65217-41552,TE,Dylan,Dylan Cantrell,Cantrell,0,2,4000,KC@WAS,WAS,KC,IR,Undisclosed,,,,TE/FLEX
65217-104019,TE,Matt,Matt Orzech,Orzech,0,1,4000,LAR@NYG,LAR,NYG,,,,,,TE/FLEX
65217-55895,TE,Kendall,Kendall Blanton,Blanton,0,2,4000,LAR@NYG,LAR,NYG,,,,,,TE/FLEX
65217-64088,TE,Cheyenne,Cheyenne O'Grady,O'Grady,,,4000,CIN@DET,CIN,DET,,,,,,TE/FLEX
65217-56947,TE,Chris,Chris Myarick,Myarick,0,1,4000,LAR@NYG,NYG,LAR,,,,,,TE/FLEX
65217-38528,TE,Tyrone,Tyrone Swoopes,Swoopes,0,1,4000,KC@WAS,WAS,KC,IR,Undisclosed,,,,TE/FLEX
65217-65182,TE,Mitchell,Mitchell Wilcox,Wilcox,0,1,4000,CIN@DET,CIN,DET,,,,,,TE/FLEX
65217-62127,TE,Cole,Cole Hikutini,Hikutini,0,1,4000,LAR@NYG,NYG,LAR,Q,Hip,,,,TE/FLEX
65217-70342,TE,Temarrick,Temarrick Hemingway,Hemingway,0.5,3,4000,KC@WAS,WAS,KC,,,,,,TE/FLEX
65217-16078,TE,Ross,Ross Travis,Travis,0,1,4000,ARI@CLE,ARI,CLE,,,,,,TE/FLEX
65217-29390,TE,Evan,Evan Baylis,Baylis,0,2,4000,KC@WAS,KC,WAS,Q,Ankle,,,,TE/FLEX
65217-69326,TE,Isaac,Isaac Nauta,Nauta,0.26666667064030963,3,4000,GB@CHI,GB,CHI,Q,Undisclosed,,,,TE/FLEX
65217-63189,TE,Hunter,Hunter Thedford,Thedford,,,4000,CIN@DET,DET,CIN,,,,,,TE/FLEX
65217-71386,TE,Jordan,Jordan Thomas,Thomas,1.7000000476837158,4,4000,HOU@IND,IND,HOU,Q,Undisclosed,,,,TE/FLEX
65217-86770,TE,Hunter,Hunter Bryant,Bryant,1.6333333651224773,3,4000,CIN@DET,DET,CIN,IR,Undisclosed,,,,TE/FLEX
65217-61172,TE,Tyler,Tyler Davis,Davis,0,2,4000,GB@CHI,GB,CHI,,,,,,TE/FLEX
65217-95999,TE,Charlie,Charlie Taumoepeau,Taumoepeau,0,1,4000,CIN@DET,DET,CIN,IR,Neck,,,,TE/FLEX
65217-65318,TE,Daniel,Daniel Crawford,Crawford,,,4000,GB@CHI,GB,CHI,,,,,,TE/FLEX
65217-40746,TE,Troy,Troy Fumagalli,Fumagalli,2.5714285714285716,7,4000,DAL@NE,NE,DAL,IR,Undisclosed,,,,TE/FLEX
65217-55099,TE,Ian,Ian Bunting,Bunting,0,1,4000,DAL@NE,DAL,NE,,,,,,TE/FLEX
65217-58189,TE,Mitchell,Mitchell Fraboni,Fraboni,,,4000,HOU@IND,HOU,IND,,,,,,TE/FLEX
65217-63321,TE,Rashod,Rashod Berry,Berry,0,1,4000,CIN@DET,DET,CIN,,,,,,TE/FLEX
65217-23435,TE,Andrew,Andrew DePaola,DePaola,,,4000,MIN@CAR,MIN,CAR,,,,,,TE/FLEX
65217-69516,TE,Miller,Miller Forristall,Forristall,,,4000,ARI@CLE,CLE,ARI,,,,,,TE/FLEX
65217-19342,TE,Demetrius,Demetrius Harris,Harris,0,2,4000,ARI@CLE,ARI,CLE,,,,,,TE/FLEX
65217-94094,TE,Brevin,Brevin Jordan,Jordan,,,4000,HOU@IND,HOU,IND,,,,,,TE/FLEX
65217-64408,TE,Nick,Nick Bowers,Bowers,,,4000,LV@DEN,LV,DEN,,,,,,TE/FLEX
65217-91046,TE,Brock,Brock Wright,Wright,,,4000,CIN@DET,DET,CIN,,,,,,TE/FLEX
65217-65477,TE,Giovanni,Giovanni Ricci,Ricci,0,2,4000,MIN@CAR,CAR,MIN,,,,,,TE/FLEX
65217-93143,TE,Noah,Noah Gray,Gray,0.5,2,4000,KC@WAS,KC,WAS,,,,,,TE/FLEX
65217-43993,TE,Andrew,Andrew Vollert,Vollert,0,1,4000,HOU@IND,IND,HOU,Q,Ankle,,,,TE/FLEX
65217-85994,TE,Dalton,Dalton Keene,Keene,0.7749999761581421,4,4000,DAL@NE,NE,DAL,IR,Knee - meniscus,,,,TE/FLEX
65217-57325,TE,Jordan,Jordan Franks,Franks,0,1,4000,ARI@CLE,CLE,ARI,,,,,,TE/FLEX
65217-71673,TE,Scooter,Scooter Harrington,Harrington,,,4000,GB@CHI,CHI,GB,,,,,,TE/FLEX
65217-12555,D,Baltimore,Baltimore Ravens,Ravens,5.4,5,3900,LAC@BAL,BAL,LAC,,,,,,DEF
65217-12536,D,Kansas City,Kansas City Chiefs,Chiefs,2.6,5,3800,KC@WAS,KC,WAS,,,,,,DEF
65217-12541,D,New England,New England Patriots,Patriots,6.8,5,3800,DAL@NE,NE,DAL,,,,,,DEF
65217-12532,D,Detroit,Detroit Lions,Lions,3.4,5,3700,CIN@DET,DET,CIN,,,,,,DEF
65217-12540,D,Minnesota,Minnesota Vikings,Vikings,6.6,5,3700,MIN@CAR,MIN,CAR,,,,,,DEF
65217-12529,D,Cleveland,Cleveland Browns,Browns,6.4,5,3600,ARI@CLE,CLE,ARI,,,,,,DEF
65217-12548,D,Los Angeles,Los Angeles Chargers,Chargers,4.6,5,3600,LAC@BAL,LAC,BAL,,,,,,DEF
65217-12527,D,Chicago,Chicago Bears,Bears,8.6,5,3500,GB@CHI,CHI,GB,,,,,,DEF
65217-12556,D,Houston,Houston Texans,Texans,3.8,5,3400,HOU@IND,HOU,IND,,,,,,DEF
65217-12543,D,New York,New York Giants,Giants,3.2,5,3200,LAR@NYG,NYG,LAR,,,,,,DEF
65217-12552,D,Washington,Washington Football Team,Football Team,3.4,5,3000,KC@WAS,WAS,KC,,,,,,DEF