Id,Position,First Name,Nickname,Last Name,FPPG,Played,Salary,Game,Team,Opponent,Injury Indicator,Injury Details,Tier,,,Roster Position
65523-39280,RB,Derrick,Derrick Henry,Henry,25.5,5,11000,KC@TEN,TEN,KC,,,,,,RB/FLEX
65523-55050,RB,Christian,Christian McCaffrey,McCaffrey,16.8000005086263,3,10000,CAR@NYG,CAR,NYG,IR,Hamstring,,,,RB/FLEX
65523-45889,WR,Davante,Davante Adams,Adams,16.96666717529297,6,9000,WAS@GB,GB,WAS,,,,,,WR/FLEX
65523-57439,QB,Patrick,Patrick Mahomes,Mahomes,26.980000813802082,6,8800,KC@TEN,KC,TEN,,,,,,QB
65523-79970,WR,Cooper,Cooper Kupp,Kupp,21.633333841959637,6,8800,DET@LAR,LAR,DET,,,,,,WR/FLEX
65523-63484,QB,Kyler,Kyler Murray,Murray,25.20666758219401,6,8700,HOU@ARI,ARI,HOU,,,,,,QB
65523-53681,WR,Tyreek,Tyreek Hill,Hill,19.116666158040363,6,8500,KC@TEN,KC,TEN,,,,,,WR/FLEX
65523-40442,RB,Aaron,Aaron Jones,Jones,16.599999745686848,6,8500,WAS@GB,GB,WAS,,,,,,RB/FLEX
65523-63115,QB,Lamar,Lamar Jackson,Jackson,24.606666564941406,6,8400,CIN@BAL,BAL,CIN,,,,,,QB
65523-69531,QB,Jalen,Jalen Hurts,Hurts,25.1999994913737,6,8300,PHI@LV,PHI,LV,,,,,,QB
65523-33076,TE,Travis,Travis Kelce,Kelce,14.966667175292969,6,8200,KC@TEN,KC,TEN,,,,,,TE/FLEX
65523-6654,QB,Matthew,Matthew Stafford,Stafford,22.686665852864582,6,8100,DET@LAR,LAR,DET,,,,,,QB
65523-30733,WR/RB,Cordarrelle,Cordarrelle Patterson,Patterson,17.860000610351562,5,8000,ATL@MIA,ATL,MIA,,,,,,RB/WR/FLEX
65523-16606,WR,DeAndre,DeAndre Hopkins,Hopkins,14.283332824707031,6,8000,HOU@ARI,ARI,HOU,,,,,,WR/FLEX
65523-6498,QB,Tom,Tom Brady,Brady,25.876665751139324,6,8000,CHI@TB,TB,CHI,,,,,,QB
65523-70157,RB,Darrell,Darrell Henderson Jr.,Henderson Jr.,17.019999694824218,5,8000,DET@LAR,LAR,DET,,,,,,RB/FLEX
65523-6894,QB,Aaron,Aaron Rodgers,Rodgers,19.53999964396159,6,7900,WAS@GB,GB,WAS,,,,,,QB
65523-63589,QB,Sam,Sam Darnold,Darnold,20.486666361490887,6,7700,CAR@NYG,CAR,NYG,,,,,,QB
65523-63043,WR,DJ,DJ Moore,Moore,14.90000025431315,6,7700,CAR@NYG,CAR,NYG,,,,,,WR/FLEX
65523-21948,QB,Ryan,Ryan Tannehill,Tannehill,17.20800018310547,5,7600,KC@TEN,TEN,KC,,,,,,QB
65523-52436,TE,Mark,Mark Andrews,Andrews,14.300000508626303,6,7500,CIN@BAL,BAL,CIN,,,,,,TE/FLEX
65523-85701,WR,Ja'Marr,Ja'Marr Chase,Chase,16.433333079020183,6,7500,CIN@BAL,CIN,BAL,,,,,,WR/FLEX
65523-11612,WR,Antonio,Antonio Brown,Brown,16.18000030517578,5,7400,CHI@TB,TB,CHI,,,,,,WR/FLEX
65523-45859,QB,Derek,Derek Carr,Carr,19.43999989827474,6,7400,PHI@LV,LV,PHI,,,,,,QB
65523-64555,WR,Calvin,Calvin Ridley,Ridley,11.25,4,7300,ATL@MIA,ATL,MIA,,,,,,WR/FLEX
65523-87467,RB,Chuba,Chuba Hubbard,Hubbard,8.133333206176758,6,7300,CAR@NYG,CAR,NYG,,,,,,RB/FLEX
65523-6616,QB,Matt,Matt Ryan,Ryan,18.575999450683593,5,7300,ATL@MIA,ATL,MIA,,,,,,QB
65523-86687,WR,Marquise,Marquise Brown,Brown,15.84999974568685,6,7300,CIN@BAL,BAL,CIN,,,,,,WR/FLEX
65523-52442,RB,Joe,Joe Mixon,Mixon,14.583333333333334,6,7200,CIN@BAL,CIN,BAL,,,,,,RB/FLEX
65523-63336,QB,Joe,Joe Burrow,Burrow,19.5,6,7200,CIN@BAL,CIN,BAL,,,,,,QB
65523-56250,WR,Terry,Terry McLaurin,McLaurin,12.883333841959635,6,7200,WAS@GB,WAS,GB,,,,,,WR/FLEX
65523-90572,QB,Tua,Tua Tagovailoa,Tagovailoa,13.353333791097006,3,7100,ATL@MIA,MIA,ATL,,,,,,QB
65523-91598,RB,D'Andre,D'Andre Swift,Swift,15.316666920979818,6,7100,DET@LAR,DET,LAR,,,,,,RB/FLEX
65523-32384,WR,Mike,Mike Evans,Evans,13.583333333333334,6,7100,CHI@TB,TB,CHI,,,,,,WR/FLEX
65523-63519,QB,Daniel,Daniel Jones,Jones,17.843332926432293,6,7000,CAR@NYG,NYG,CAR,,,,,,QB
65523-72846,WR,A.J.,A.J. Brown,Brown,6.074999809265137,4,7000,KC@TEN,TEN,KC,Q,Illness,,,,WR/FLEX
65523-52922,RB,Leonard,Leonard Fournette,Fournette,14.166666666666666,6,7000,CHI@TB,TB,CHI,,,,,,RB/FLEX
65523-72731,RB,Josh,Josh Jacobs,Jacobs,13.524999618530273,4,6900,PHI@LV,LV,PHI,,,,,,RB/FLEX
65523-53331,QB,Taylor,Taylor Heinicke,Heinicke,17.433333079020183,6,6900,WAS@GB,WAS,GB,,,,,,QB
65523-14190,WR,Julio,Julio Jones,Jones,8.799999872843424,3,6900,KC@TEN,TEN,KC,,,,,,WR/FLEX
65523-64576,RB,Damien,Damien Harris,Harris,9.40000025431315,6,6800,NYJ@NE,NE,NYJ,,,,,,RB/FLEX
65523-25011,TE,Darren,Darren Waller,Waller,11.050000508626303,6,6800,PHI@LV,LV,PHI,,,,,,TE/FLEX
65523-90584,QB,Mac,Mac Jones,Jones,13.913333892822266,6,6800,NYJ@NE,NE,NYJ,,,,,,QB
65523-29685,WR,Robert,Robert Woods,Woods,11.59999974568685,6,6800,DET@LAR,LAR,DET,,,,,,WR/FLEX
65523-55635,WR,Chris,Chris Godwin,Godwin,12.34999974568685,6,6700,CHI@TB,TB,CHI,,,,,,WR/FLEX
65523-38435,QB,Jared,Jared Goff,Goff,15.25,6,6700,DET@LAR,DET,LAR,,,,,,QB
65523-52897,RB,Darrel,Darrel Williams,Williams,8.716666539510092,6,6700,KC@TEN,KC,TEN,,,,,,RB/FLEX
65523-90933,RB,Antonio,Antonio Gibson,Gibson,12.266666412353516,6,6600,WAS@GB,WAS,GB,Q,Calf,,,,RB/FLEX
65523-11460,TE,Rob,Rob Gronkowski,Gronkowski,16.8000005086263,3,6500,CHI@TB,TB,CHI,Q,Ribs,,,,TE/FLEX
65523-91591,QB,Justin,Justin Fields,Fields,7.746666590372722,6,6500,CHI@TB,CHI,TB,,,,,,QB
65523-40687,RB,James,James Conner,Conner,10.516666412353516,6,6500,HOU@ARI,ARI,HOU,,,,,,RB/FLEX
65523-29501,WR,Brandin,Brandin Cooks,Cooks,12.433333079020182,6,6500,HOU@ARI,HOU,ARI,,,,,,WR/FLEX
65523-27477,WR,Sterling,Sterling Shepard,Shepard,12.25,4,6500,CAR@NYG,NYG,CAR,,,,,,WR/FLEX
65523-64401,RB,Saquon,Saquon Barkley,Barkley,11.5,5,6500,CAR@NYG,NYG,CAR,Q,Ankle,,,,RB/FLEX
65523-14377,QB,Tyrod,Tyrod Taylor,Taylor,20.06999969482422,2,6400,HOU@ARI,HOU,ARI,IR,Hamstring,,,,QB
65523-90406,QB,Zach,Zach Wilson,Wilson,11.576000213623047,5,6400,NYJ@NE,NYJ,NE,,,,,,QB
65523-89628,QB,Davis,Davis Mills,Mills,10.055999755859375,5,6400,HOU@ARI,HOU,ARI,,,,,,QB
65523-14225,QB,Andy,Andy Dalton,Dalton,5.200000127156575,3,6300,CHI@TB,CHI,TB,,,,,,QB
65523-30635,RB,Mike,Mike Davis,Davis,9.640000152587891,5,6300,ATL@MIA,ATL,MIA,,,,,,RB/FLEX
65523-71706,TE,T.J.,T.J. Hockenson,Hockenson,10.183333079020182,6,6200,DET@LAR,DET,LAR,,,,,,TE/FLEX
65523-83081,RB,Chase,Chase Edmonds,Edmonds,9.816666920979818,6,6200,HOU@ARI,ARI,HOU,,,,,,RB/FLEX
65523-60858,WR,Christian,Christian Kirk,Kirk,11.316666920979818,6,6200,HOU@ARI,ARI,HOU,,,,,,WR/FLEX
65523-22027,QB,Nick,Nick Foles,Foles,12.464444478352865,9,6200,CHI@TB,CHI,TB,,,,,,QB
65523-30231,QB,Jacoby,Jacoby Brissett,Brissett,9.836666742960611,6,6200,ATL@MIA,MIA,ATL,,,,,,QB
65523-30761,QB,Nathan,Nathan Peterman,Peterman,0.20000000298023224,1,6100,PHI@LV,LV,PHI,,,,,,QB
65523-86080,TE,Kyle,Kyle Pitts,Pitts,9.759999847412109,5,6100,ATL@MIA,ATL,MIA,,,,,,TE/FLEX
65523-70051,QB,Tyler,Tyler Huntley,Huntley,1,1,6100,CIN@BAL,BAL,CIN,,,,,,QB
65523-31170,QB,Brandon,Brandon Allen,Allen,3.9800000190734863,1,6100,CIN@BAL,CIN,BAL,,,,,,QB
65523-7659,QB,Ryan,Ryan Fitzpatrick,Fitzpatrick,0.7200000286102295,1,6100,WAS@GB,WAS,GB,IR,Hip,,,,QB
65523-6714,QB,Joe,Joe Flacco,Flacco,11.55199966430664,5,6100,PHI@LV,PHI,LV,,,,,,QB
65523-29358,QB,Marcus,Marcus Mariota,Mariota,3.0999999046325684,1,6100,PHI@LV,LV,PHI,,,,,,QB
65523-27441,RB,Damien,Damien Williams,Williams,9.199999809265137,4,6100,CHI@TB,CHI,TB,IR,Illness,,,,RB/FLEX
65523-25410,QB,Mike,Mike Glennon,Glennon,10.039999961853027,1,6100,CAR@NYG,NYG,CAR,,,,,,QB
65523-89981,WR,Tee,Tee Higgins,Higgins,10.100000381469727,4,6100,CIN@BAL,CIN,BAL,,,,,,WR/FLEX
65523-56192,QB,John,John Wolford,Wolford,-1.100000023841858,1,6100,DET@LAR,LAR,DET,,,,,,QB
65523-86052,WR,Kadarius,Kadarius Toney,Toney,8.8,5,6000,CAR@NYG,NYG,CAR,Q,Ankle,,,,WR/FLEX
65523-62566,QB,Travis,Travis Jonsen,Jonsen,,,6000,CHI@TB,TB,CHI,,,,,,QB
65523-71798,QB,Anthony,Anthony Gordon,Gordon,0,1,6000,KC@TEN,KC,TEN,,,,,,QB
65523-39034,QB,Kurt,Kurt Benkert,Benkert,0,1,6000,WAS@GB,GB,WAS,,,,,,QB
65523-63611,QB,Kyle,Kyle Shurmur,Shurmur,,,6000,WAS@GB,WAS,GB,,,,,,QB
65523-64637,QB,Brian,Brian Lewerke,Lewerke,0,1,6000,CAR@NYG,NYG,CAR,,,,,,QB
65523-57537,QB,DeShone,DeShone Kizer,Kizer,,,6000,KC@TEN,TEN,KC,,,,,,QB
65523-69833,QB,Shane,Shane Buechele,Buechele,,,6000,KC@TEN,KC,TEN,,,,,,QB
65523-45259,QB,Logan,Logan Woodside,Woodside,0.2559999942779541,5,6000,KC@TEN,TEN,KC,,,,,,QB
65523-130269,QB,Reid,Reid Sinnett,Sinnett,0,1,6000,ATL@MIA,MIA,ATL,,,,,,QB
65523-11500,QB,Colt,Colt McCoy,McCoy,-0.25,2,6000,HOU@ARI,ARI,HOU,,,,,,QB
65523-130337,QB,Case,Case Cookus,Cookus,0,1,6000,PHI@LV,LV,PHI,,,,,,QB
65523-31047,QB,AJ,AJ McCarron,McCarron,0.4000000059604645,2,6000,ATL@MIA,ATL,MIA,IR,Knee - acl,,,,QB
65523-61798,QB,Gardner,Gardner Minshew II,Minshew II,18.351111518012154,9,6000,PHI@LV,PHI,LV,,,,,,QB
65523-60787,QB,Bryce,Bryce Perkins,Perkins,0,2,6000,DET@LAR,LAR,DET,,,,,,QB
65523-52606,QB,David,David Blough,Blough,1.3799999952316284,2,6000,DET@LAR,DET,LAR,,,,,,QB
65523-149889,QB,Kenji,Kenji Bahar,Bahar,,,6000,CIN@BAL,BAL,CIN,,,,,,QB
65523-69017,QB,Jordan,Jordan Love,Love,0.20999999344348907,2,6000,WAS@GB,GB,WAS,,,,,,QB
65523-32158,QB,Garrett,Garrett Gilbert,Gilbert,7.760000228881836,2,6000,NYJ@NE,NE,NYJ,,,,,,QB
65523-60840,QB,Jake,Jake Browning,Browning,,,6000,CIN@BAL,CIN,BAL,,,,,,QB
65523-34308,QB,Blake,Blake Bortles,Bortles,0,1,6000,WAS@GB,GB,WAS,,,,,,QB
65523-60947,QB,Jarrett,Jarrett Stidham,Stidham,2.6566665967305503,6,6000,NYJ@NE,NE,NYJ,NA,Back,,,,QB
65523-88602,QB,Jordan,Jordan Ta'amu,Ta'amu,,,6000,DET@LAR,DET,LAR,,,,,,QB
65523-61982,QB,Tommy,Tommy Stevens,Stevens,2.4000000953674316,1,6000,CAR@NYG,NYG,CAR,,,,,,QB
65523-40482,QB,Tim,Tim Boyle,Boyle,-0.11249999701976776,8,6000,DET@LAR,DET,LAR,IR,Thumb,,,,QB
65523-30253,QB,Jeff,Jeff Driskel,Driskel,8.020000457763672,4,6000,HOU@ARI,HOU,ARI,,,,,,QB
65523-73273,RB,David,David Montgomery,Montgomery,14.199999809265137,4,6000,CHI@TB,CHI,TB,IR,Knee,,,,RB/FLEX
65523-54879,QB,Deshaun,Deshaun Watson,Watson,23.520000457763672,16,6000,HOU@ARI,HOU,ARI,,,,,,QB
65523-64115,QB,Steven,Steven Montez,Montez,0,1,6000,DET@LAR,DET,LAR,,,,,,QB
65523-95893,QB,Devlin,Devlin Hodges,Hodges,0,1,6000,DET@LAR,LAR,DET,,,,,,QB
65523-7844,QB,Chad,Chad Henne,Henne,6.639999866485596,4,6000,KC@TEN,KC,TEN,,,,,,QB
65523-69302,QB,Feleipe,Feleipe Franks,Franks,0.30000001192092896,1,6000,ATL@MIA,ATL,MIA,,,,,,QB
65523-69304,QB,Kyle,Kyle Trask,Trask,,,6000,CHI@TB,TB,CHI,,,,,,QB
65523-7872,QB,Brian,Brian Hoyer,Hoyer,1.5,2,6000,NYJ@NE,NE,NYJ,,,,,,QB
65523-72412,RB,Khalil,Khalil Herbert,Herbert,5.279999923706055,5,6000,CHI@TB,CHI,TB,,,,,,RB/FLEX
65523-104281,QB,Jake,Jake Dolegala,Dolegala,0,1,6000,WAS@GB,GB,WAS,,,,,,QB
65523-61276,QB,James,James Morgan,Morgan,0,1,6000,CAR@NYG,CAR,NYG,,,,,,QB
65523-41827,QB,P.J.,P.J. Walker,Walker,2.7040000915527345,5,6000,CAR@NYG,CAR,NYG,,,,,,QB
65523-53095,QB,Kyle,Kyle Allen,Allen,11.5,4,6000,WAS@GB,WAS,GB,,,,,,QB
65523-14185,QB,Cam,Cam Newton,Newton,17.998667399088543,15,6000,NYJ@NE,NE,NYJ,,,,,,QB
65523-55148,QB,Clayton,Clayton Thorson,Thorson,0,1,6000,CAR@NYG,NYG,CAR,Q,Concussion,,,,QB
65523-38767,QB,Chris,Chris Streveler,Streveler,2.174999952316284,4,6000,HOU@ARI,ARI,HOU,,,,,,QB
65523-14194,QB,Blaine,Blaine Gabbert,Gabbert,0.6200000047683716,2,6000,CHI@TB,TB,CHI,,,,,,QB
65523-62364,QB,Josh,Josh Rosen,Rosen,0,1,6000,ATL@MIA,ATL,MIA,,,,,,QB
65523-29605,QB,Matt,Matt Barkley,Barkley,2.569999933242798,4,6000,KC@TEN,TEN,KC,,,,,,QB
65523-33702,QB,Ryan,Ryan Griffin,Griffin,,,6000,CHI@TB,TB,CHI,,,,,,QB
65523-56265,TE,Mike,Mike Gesicki,Gesicki,9.200000127156576,6,6000,ATL@MIA,MIA,ATL,,,,,,TE/FLEX
65523-56286,QB,Trace,Trace McSorley,McSorley,3.1000000635782876,3,6000,CIN@BAL,BAL,CIN,,,,,,QB
65523-83074,TE,Dallas,Dallas Goedert,Goedert,8.219999694824219,5,5900,PHI@LV,PHI,LV,IR,Illness,,,,TE/FLEX
65523-69777,WR,Darnell,Darnell Mooney,Mooney,8.34999974568685,6,5900,CHI@TB,CHI,TB,,,,,,WR/FLEX
65523-71845,RB,Miles,Miles Sanders,Sanders,8.34999974568685,6,5900,PHI@LV,PHI,LV,,,,,,RB/FLEX
65523-45439,WR,Corey,Corey Davis,Davis,11.640000152587891,5,5900,NYJ@NE,NYJ,NE,,,,,,WR/FLEX
65523-90573,WR,Jaylen,Jaylen Waddle,Waddle,10.800000508626303,6,5900,ATL@MIA,MIA,ATL,,,,,,WR/FLEX
65523-24755,WR,Jamison,Jamison Crowder,Crowder,11,2,5800,NYJ@NE,NYJ,NE,,,,,,WR/FLEX
65523-93408,WR,Rondale,Rondale Moore,Moore,8.766666412353516,6,5800,HOU@ARI,ARI,HOU,,,,,,WR/FLEX
65523-90576,WR,DeVonta,DeVonta Smith,Smith,9,6,5800,PHI@LV,PHI,LV,,,,,,WR/FLEX
65523-34331,RB,Latavius,Latavius Murray,Murray,8.283333460489908,6,5800,CIN@BAL,BAL,CIN,Q,Ankle,,,,RB/FLEX
65523-39580,RB,Devontae,Devontae Booker,Booker,6.659999847412109,5,5800,CAR@NYG,NYG,CAR,,,,,,RB/FLEX
65523-40669,WR,Tyler,Tyler Boyd,Boyd,8.166666666666666,6,5800,CIN@BAL,CIN,BAL,,,,,,WR/FLEX
65523-28643,WR,Allen,Allen Robinson II,Robinson II,6.650000254313151,6,5800,CHI@TB,CHI,TB,,,,,,WR/FLEX
65523-63634,WR,Jakobi,Jakobi Meyers,Meyers,9.40000025431315,6,5700,NYJ@NE,NE,NYJ,,,,,,WR/FLEX
65523-43334,RB,J.D.,J.D. McKissic,McKissic,9,6,5700,WAS@GB,WAS,GB,,,,,,RB/FLEX
65523-24920,RB,Devonta,Devonta Freeman,Freeman,4.079999923706055,5,5700,CIN@BAL,BAL,CIN,,,,,,RB/FLEX
65523-90537,WR,Henry,Henry Ruggs III,Ruggs III,11.233333587646484,6,5700,PHI@LV,LV,PHI,,,,,,WR/FLEX
65523-40845,TE,Hunter,Hunter Henry,Henry,8.84999974568685,6,5700,NYJ@NE,NE,NYJ,,,,,,TE/FLEX
65523-54244,WR,Kenny,Kenny Golladay,Golladay,7.340000152587891,5,5700,CAR@NYG,NYG,CAR,Q,Knee,,,,WR/FLEX
65523-93539,RB,Michael,Michael Carter,Carter,7.880000305175781,5,5600,NYJ@NE,NYJ,NE,,,,,,RB/FLEX
65523-33260,WR,DeVante,DeVante Parker,Parker,9.675000190734863,4,5600,ATL@MIA,MIA,ATL,Q,Shoulder,,,,WR/FLEX
65523-60930,RB,Myles,Myles Gaskin,Gaskin,9.200000127156576,6,5600,ATL@MIA,MIA,ATL,,,,,,RB/FLEX
65523-57986,WR,Hunter,Hunter Renfrow,Renfrow,10.266666412353516,6,5600,PHI@LV,LV,PHI,,,,,,WR/FLEX
65523-14187,WR,A.J.,A.J. Green,Green,10.416666666666666,6,5600,HOU@ARI,ARI,HOU,,,,,,WR/FLEX
65523-111540,RB,Rhamondre,Rhamondre Stevenson,Stevenson,5.200000127156575,3,5600,NYJ@NE,NE,NYJ,,,,,,RB/FLEX
65523-24641,WR,Sammy,Sammy Watkins,Watkins,7.6400001525878904,5,5500,CIN@BAL,BAL,CIN,Q,Thigh,,,,WR/FLEX
65523-64581,WR,Van,Van Jefferson Jr.,Jefferson Jr.,7.766666412353516,6,5500,DET@LAR,LAR,DET,,,,,,WR/FLEX
65523-30989,RB,Kenyan,Kenyan Drake,Drake,7.716666539510091,6,5500,PHI@LV,LV,PHI,,,,,,RB/FLEX
65523-56648,RB,Jeremy,Jeremy McNichols,McNichols,6.8599998474121096,5,5500,KC@TEN,TEN,KC,Q,Ankle,,,,RB/FLEX
65523-63819,WR,Darius,Darius Slayton,Slayton,7.400000254313151,3,5500,CAR@NYG,NYG,CAR,Q,Hamstring,,,,WR/FLEX
65523-56809,WR,Allen,Allen Lazard,Lazard,4.679999923706054,5,5500,WAS@GB,GB,WAS,,,,,,WR/FLEX
65523-60977,RB,Ty'Son,Ty'Son Williams,Williams,8.125,4,5500,CIN@BAL,BAL,CIN,,,,,,RB/FLEX
65523-26251,WR,Robby,Robby Anderson,Anderson,6.466666539510091,6,5500,CAR@NYG,CAR,NYG,,,,,,WR/FLEX
65523-85741,RB,Clyde,Clyde Edwards-Helaire,Edwards-Helaire,9.7,5,5500,KC@TEN,KC,TEN,IR,Knee - mcl,,,,RB/FLEX
65523-47870,TE,Tyler,Tyler Higbee,Higbee,7.200000127156575,6,5500,DET@LAR,LAR,DET,,,,,,TE/FLEX
65523-70422,WR,Kalif,Kalif Raymond,Raymond,7.466666539510091,6,5500,DET@LAR,DET,LAR,,,,,,WR/FLEX
65523-29683,WR,Nelson,Nelson Agholor,Agholor,6.233333587646484,6,5500,NYJ@NE,NE,NYJ,,,,,,WR/FLEX
65523-40977,TE,Ricky,Ricky Seals-Jones,Seals-Jones,7.925000190734863,4,5400,WAS@GB,WAS,GB,,,,,,TE/FLEX
65523-52451,RB,Samaje,Samaje Perine,Perine,4.720000076293945,5,5400,CIN@BAL,CIN,BAL,IR,Illness,,,,RB/FLEX
65523-6739,WR,DeSean,DeSean Jackson,Jackson,6.419999694824218,5,5400,DET@LAR,LAR,DET,,,,,,WR/FLEX
65523-71352,WR,Mecole,Mecole Hardman,Hardman,7.733333587646484,6,5400,KC@TEN,KC,TEN,,,,,,WR/FLEX
65523-14211,RB,Mark,Mark Ingram II,Ingram II,6.183333079020183,6,5400,HOU@ARI,HOU,ARI,,,,,,RB/FLEX
65523-14257,WR,Randall,Randall Cobb,Cobb,6.659999847412109,5,5400,WAS@GB,GB,WAS,,,,,,WR/FLEX
65523-93107,RB,AJ,AJ Dillon,Dillon,6.966666539510091,6,5400,WAS@GB,GB,WAS,,,,,,RB/FLEX
65523-86997,WR,Amon-Ra,Amon-Ra St. Brown,St. Brown,5.733333587646484,6,5400,DET@LAR,DET,LAR,,,,,,WR/FLEX
65523-29780,TE,Zach,Zach Ertz,Ertz,6.650000254313151,6,5300,HOU@ARI,ARI,HOU,,,,,,TE/FLEX
65523-38264,WR,Demarcus,Demarcus Robinson,Robinson,5.920000076293945,5,5300,KC@TEN,KC,TEN,,,,,,WR/FLEX
65523-53640,RB,Sony,Sony Michel,Michel,4.75,6,5300,DET@LAR,LAR,DET,,,,,,RB/FLEX
65523-80289,WR,Kendrick,Kendrick Bourne,Bourne,8.666666666666666,6,5300,NYJ@NE,NE,NYJ,,,,,,WR/FLEX
65523-45631,RB,Jamaal,Jamaal Williams,Williams,9.233333587646484,6,5300,DET@LAR,DET,LAR,,,,,,RB/FLEX
65523-88699,RB,Jaret,Jaret Patterson,Patterson,1.1749999523162842,4,5300,WAS@GB,WAS,GB,,,,,,RB/FLEX
65523-40647,WR,Marquez,Marquez Valdes-Scantling,Valdes-Scantling,5.533333460489909,3,5300,WAS@GB,GB,WAS,IR,Hamstring,,,,WR/FLEX
65523-70372,WR,Chester,Chester Rogers,Rogers,6.259999847412109,5,5300,KC@TEN,TEN,KC,Q,Groin,,,,WR/FLEX
65523-85845,WR,Rashod,Rashod Bateman,Bateman,4.900000095367432,1,5300,CIN@BAL,BAL,CIN,,,,,,WR/FLEX
65523-73687,WR,Quez,Quez Watkins,Watkins,6.849999745686849,6,5300,PHI@LV,PHI,LV,,,,,,WR/FLEX
65523-64496,WR,Olamide,Olamide Zaccheaus,Zaccheaus,4.724999904632568,4,5300,ATL@MIA,ATL,MIA,,,,,,WR/FLEX
65523-33047,WR,Chris,Chris Moore,Moore,11.399999618530273,2,5200,HOU@ARI,HOU,ARI,,,,,,WR/FLEX
65523-39286,TE,O.J.,O.J. Howard,Howard,4.2,5,5200,CHI@TB,TB,CHI,,,,,,TE/FLEX
65523-71032,WR,Devin,Devin Duvernay,Duvernay,5.166666666666667,6,5200,CIN@BAL,BAL,CIN,,,,,,WR/FLEX
65523-56698,WR,Dante,Dante Pettis,Pettis,7.300000190734863,1,5200,CAR@NYG,NYG,CAR,,,,,,WR/FLEX
65523-94625,WR,Jalen,Jalen Reagor,Reagor,4.950000127156575,6,5200,PHI@LV,PHI,LV,,,,,,WR/FLEX
65523-31207,TE,C.J.,C.J. Uzomah,Uzomah,6.916666666666667,6,5200,CIN@BAL,CIN,BAL,,,,,,TE/FLEX
65523-32234,RB,Malcolm,Malcolm Brown,Brown,3.9200000762939453,5,5200,ATL@MIA,MIA,ATL,,,,,,RB/FLEX
65523-32235,WR,Marcus,Marcus Johnson,Johnson,6.699999809265137,1,5200,KC@TEN,TEN,KC,,,,,,WR/FLEX
65523-62967,WR,Preston,Preston Williams,Williams,4.449999809265137,2,5200,ATL@MIA,MIA,ATL,Q,Groin,,,,WR/FLEX
65523-28181,RB,Le'Veon,Le'Veon Bell,Bell,4.449999809265137,2,5200,CIN@BAL,BAL,CIN,,,,,,RB/FLEX
65523-69276,WR,Bryan,Bryan Edwards,Edwards,6.299999872843425,6,5200,PHI@LV,LV,PHI,,,,,,WR/FLEX
65523-69295,WR,Byron,Byron Pringle,Pringle,5.5,6,5200,KC@TEN,KC,TEN,,,,,,WR/FLEX
65523-52916,WR,Russell,Russell Gage,Gage,2.6500000953674316,2,5200,ATL@MIA,ATL,MIA,Q,Ankle,,,,WR/FLEX
65523-70383,RB,Darrynton,Darrynton Evans,Evans,2.5333333015441895,6,5200,KC@TEN,TEN,KC,IR,Knee,,,,RB/FLEX
65523-90912,RB,Kenneth,Kenneth Gainwell,Gainwell,7.299999872843425,6,5200,PHI@LV,PHI,LV,,,,,,RB/FLEX
65523-64389,WR,Nick,Nick Westbrook-Ikhine,Westbrook-Ikhine,4.574999809265137,4,5200,KC@TEN,TEN,KC,,,,,,WR/FLEX
65523-63591,RB,Ronald,Ronald Jones II,Jones II,3.433333396911621,6,5100,CHI@TB,TB,CHI,,,,,,RB/FLEX
65523-79998,WR,Keelan,Keelan Cole Sr.,Cole Sr.,6.5,3,5100,NYJ@NE,NYJ,NE,,,,,,WR/FLEX
65523-91419,WR,Nico,Nico Collins,Collins,3.7666667302449546,3,5100,HOU@ARI,HOU,ARI,,,,,,WR/FLEX
65523-47523,WR,Tajae,Tajae Sharpe,Sharpe,3.049999952316284,4,5100,ATL@MIA,ATL,MIA,,,,,,WR/FLEX
65523-80353,TE,Robert,Robert Tonyan,Tonyan,3.4500001271565757,6,5100,WAS@GB,GB,WAS,,,,,,TE/FLEX
65523-41475,WR,John,John Ross III,Ross III,5.666666666666667,3,5100,CAR@NYG,NYG,CAR,,,,,,WR/FLEX
65523-63050,RB,Ty,Ty Johnson,Johnson,4.720000076293945,5,5100,NYJ@NE,NYJ,NE,,,,,,RB/FLEX
65523-25267,WR,Mack,Mack Hollins,Hollins,4.800000190734863,2,5100,ATL@MIA,MIA,ATL,,,,,,WR/FLEX
65523-86780,RB,Salvon,Salvon Ahmed,Ahmed,3.0200000762939454,5,5100,ATL@MIA,MIA,ATL,,,,,,RB/FLEX
65523-53097,WR,Josh,Josh Reynolds,Reynolds,5.099999904632568,2,5100,KC@TEN,TEN,KC,,,,,,WR/FLEX
65523-62497,RB,David,David Johnson,Johnson,5.266666730244954,6,5000,HOU@ARI,HOU,ARI,,,,,,RB/FLEX
65523-42028,WR,Will,Will Fuller V,Fuller V,3.299999952316284,2,5000,ATL@MIA,MIA,ATL,IR,Finger,,,,WR/FLEX
65523-62535,WR,Tyrell,Tyrell Williams,Williams,2.4000000953674316,1,5000,DET@LAR,DET,LAR,IR,Concussion,,,,WR/FLEX
65523-57432,WR,Cameron,Cameron Batson,Batson,3.3333333333333335,3,5000,KC@TEN,TEN,KC,,,,,,WR/FLEX
65523-24671,WR,Adam,Adam Humphries,Humphries,3.7333332697550454,6,5000,WAS@GB,WAS,GB,,,,,,WR/FLEX
65523-12546,D,Arizona,Arizona Cardinals,Cardinals,10.5,6,5000,HOU@ARI,ARI,HOU,,,,,,DEF
65523-56580,WR,Christian,Christian Blake,Blake,1.75,2,5000,ATL@MIA,ATL,MIA,,,,,,WR/FLEX
65523-54608,RB,Jerick,Jerick McKinnon,McKinnon,1.600000023841858,4,5000,KC@TEN,KC,TEN,,,,,,RB/FLEX
65523-22898,RB,Brandon,Brandon Bolden,Bolden,3.6200000762939455,5,5000,NYJ@NE,NE,NYJ,,,,,,RB/FLEX
65523-52613,WR,Curtis,Curtis Samuel,Samuel,2.3499999046325684,2,5000,WAS@GB,WAS,GB,Q,Groin,,,,WR/FLEX
65523-69168,WR,N'Keal,N'Keal Harry,Harry,1.4500000476837158,2,5000,NYJ@NE,NE,NYJ,,,,,,WR/FLEX
65523-23194,WR,Josh,Josh Gordon,Gordon,1.600000023841858,1,5000,KC@TEN,KC,TEN,,,,,,WR/FLEX
65523-30403,WR,Chris,Chris Conley,Conley,3.4833332697550454,6,5000,HOU@ARI,HOU,ARI,,,,,,WR/FLEX
65523-52931,RB,Eli,Eli Penny,Penny,1.9200000762939453,5,5000,CAR@NYG,NYG,CAR,,,,,,RB/FLEX
65523-63186,WR,James,James Proche,Proche,3.950000047683716,4,5000,CIN@BAL,BAL,CIN,,,,,,WR/FLEX
65523-26355,TE,Logan,Logan Thomas,Thomas,9.233333587646484,3,5000,WAS@GB,WAS,GB,IR,Hamstring,,,,TE/FLEX
65523-72453,WR,Denzel,Denzel Mims,Mims,4.400000095367432,2,5000,NYJ@NE,NYJ,NE,,,,,,WR/FLEX
65523-41872,TE,Evan,Evan Engram,Engram,4.349999904632568,4,5000,CAR@NYG,NYG,CAR,,,,,,TE/FLEX
65523-40857,RB,Peyton,Peyton Barber,Barber,8.299999872843424,3,5000,PHI@LV,LV,PHI,,,,,,RB/FLEX
65523-27776,RB,Tevin,Tevin Coleman,Coleman,2.5,4,4900,NYJ@NE,NYJ,NE,,,,,,RB/FLEX
65523-69836,WR,Collin,Collin Johnson,Johnson,3.566666603088379,3,4900,CAR@NYG,NYG,CAR,,,,,,WR/FLEX
65523-12538,D,Los Angeles,Los Angeles Rams,Rams,6.833333333333333,6,4900,DET@LAR,LAR,DET,,,,,,DEF
65523-85306,WR,KhaDarel,KhaDarel Hodge,Hodge,2.325000047683716,4,4900,DET@LAR,DET,LAR,,,,,,WR/FLEX
65523-93538,WR,Dyami,Dyami Brown,Brown,2.339999961853027,5,4900,WAS@GB,WAS,GB,,,,,,WR/FLEX
65523-80294,TE,Anthony,Anthony Firkser,Firkser,4,3,4900,KC@TEN,TEN,KC,,,,,,TE/FLEX
65523-41426,RB,Phillip,Phillip Lindsay,Lindsay,4.350000063578288,6,4900,HOU@ARI,HOU,ARI,,,,,,RB/FLEX
65523-40434,WR,Greg,Greg Ward,Ward,5.333333333333333,3,4900,PHI@LV,PHI,LV,,,,,,WR/FLEX
65523-88575,WR,Elijah,Elijah Moore,Moore,2.6500000953674316,4,4900,NYJ@NE,NYJ,NE,,,,,,WR/FLEX
65523-55970,RB,Royce,Royce Freeman,Freeman,1.4500000476837158,4,4900,CAR@NYG,CAR,NYG,,,,,,RB/FLEX
65523-72370,RB,J.J.,J.J. Taylor,Taylor,0.10000000397364299,3,4900,NYJ@NE,NE,NYJ,Q,Groin,,,,RB/FLEX
65523-25290,RB,Giovani,Giovani Bernard,Bernard,6.459999847412109,5,4900,CHI@TB,TB,CHI,,,,,,RB/FLEX
65523-82731,WR,Brandon,Brandon Zylstra,Zylstra,7.966666539510091,3,4900,CAR@NYG,CAR,NYG,,,,,,WR/FLEX
65523-64339,WR,Auden,Auden Tate,Tate,2.8499999046325684,4,4900,CIN@BAL,CIN,BAL,,,,,,WR/FLEX
65523-91047,TE,Cole,Cole Kmet,Kmet,3.3333333333333335,6,4900,CHI@TB,CHI,TB,,,,,,TE/FLEX
65523-48116,TE,Jonnu,Jonnu Smith,Smith,4.583333333333333,6,4900,NYJ@NE,NE,NYJ,,,,,,TE/FLEX
65523-62505,TE,MyCole,MyCole Pruitt,Pruitt,4.699999809265137,4,4800,KC@TEN,TEN,KC,,,,,,TE/FLEX
65523-68712,WR,Tyler,Tyler Johnson,Johnson,2.9,5,4800,CHI@TB,TB,CHI,,,,,,WR/FLEX
65523-62628,WR,DeAndre,DeAndre Carter,Carter,3.066666603088379,6,4800,WAS@GB,WAS,GB,,,,,,WR/FLEX
65523-48344,WR,Albert,Albert Wilson,Wilson,2,4,4800,ATL@MIA,MIA,ATL,,,,,,WR/FLEX
65523-12541,D,New England,New England Patriots,Patriots,6.166666666666667,6,4800,NYJ@NE,NE,NYJ,,,,,,DEF
65523-52495,WR,Braxton,Braxton Berrios,Berrios,5.020000076293945,5,4800,NYJ@NE,NYJ,NE,,,,,,WR/FLEX
65523-64827,WR,Miles,Miles Boykin,Boykin,1.100000023841858,1,4800,CIN@BAL,BAL,CIN,,,,,,WR/FLEX
65523-64841,WR,Equanimeous,Equanimeous St. Brown,St. Brown,0.25,2,4800,WAS@GB,GB,WAS,,,,,,WR/FLEX
65523-41305,WR,Zay,Zay Jones,Jones,3.924999952316284,4,4800,PHI@LV,LV,PHI,,,,,,WR/FLEX
65523-73130,RB,Chris,Chris Evans,Evans,5.550000190734863,4,4800,CIN@BAL,CIN,BAL,,,,,,RB/FLEX
65523-32243,WR,Marquise,Marquise Goodwin,Goodwin,1.816666603088379,6,4800,CHI@TB,CHI,TB,,,,,,WR/FLEX
65523-64031,TE,Hayden,Hayden Hurst,Hurst,4.159999847412109,5,4800,ATL@MIA,ATL,MIA,,,,,,TE/FLEX
65523-85672,WR,Terrace,Terrace Marshall Jr.,Marshall Jr.,3.1000000635782876,6,4800,CAR@NYG,CAR,NYG,Q,Concussion,,,,WR/FLEX
65523-39818,RB,Wayne,Wayne Gallman Jr.,Gallman Jr.,1.5499999523162842,2,4800,ATL@MIA,ATL,MIA,,,,,,RB/FLEX
65523-8117,WR,Danny,Danny Amendola,Amendola,6.650000095367432,2,4800,HOU@ARI,HOU,ARI,Q,Thigh,,,,WR/FLEX
65523-88109,RB,Gary,Gary Brightwell,Brightwell,0.75,2,4700,CAR@NYG,NYG,CAR,,,,,,RB/FLEX
65523-54472,WR,Cam,Cam Sims,Sims,2.450000047683716,2,4700,WAS@GB,WAS,GB,Q,Hamstring,,,,WR/FLEX
65523-28907,WR,Alex,Alex Erickson,Erickson,1.0399999618530273,5,4700,CAR@NYG,CAR,NYG,Q,Concussion,,,,WR/FLEX
65523-70133,RB,Jake,Jake Funk,Funk,0.20000000794728598,3,4700,DET@LAR,LAR,DET,Q,Hamstring,,,,RB/FLEX
65523-57064,RB,Ryan,Ryan Nall,Nall,1.6700000762939453,10,4700,CHI@TB,CHI,TB,,,,,,RB/FLEX
65523-33578,RB,Jalen,Jalen Richard,Richard,0.8500000238418579,2,4700,PHI@LV,LV,PHI,,,,,,RB/FLEX
65523-61273,WR,Scotty,Scotty Miller,Miller,1.0499999523162842,2,4700,CHI@TB,TB,CHI,IR,Toe,,,,WR/FLEX
65523-30678,WR,Damiere,Damiere Byrd,Byrd,1.7000000476837158,2,4700,CHI@TB,CHI,TB,,,,,,WR/FLEX
65523-91101,TE,Tommy,Tommy Tremble,Tremble,4.079999923706055,5,4700,CAR@NYG,CAR,NYG,,,,,,TE/FLEX
65523-56356,WR,Isaiah,Isaiah Ford,Ford,0.4000000059604645,2,4600,ATL@MIA,MIA,ATL,,,,,,WR/FLEX
65523-94262,WR,Antonio,Antonio Gandy-Golden,Gandy-Golden,0.75,4,4600,WAS@GB,WAS,GB,,,,,,WR/FLEX
65523-68685,WR,Austin,Austin Mack,Mack,2.5200000762939454,5,4600,CAR@NYG,NYG,CAR,,,,,,WR/FLEX
65523-91225,RB,Kylin,Kylin Hill,Hill,0.5333333412806193,6,4600,WAS@GB,GB,WAS,,,,,,RB/FLEX
65523-79974,RB,Tarik,Tarik Cohen,Cohen,2.9,5,4600,CHI@TB,CHI,TB,NA,Knee - acl,,,,RB/FLEX
65523-86173,RB,Mekhi,Mekhi Sargent,Sargent,0.20000000298023224,2,4600,KC@TEN,TEN,KC,,,,,,RB/FLEX
65523-63717,RB,Alec,Alec Ingold,Ingold,2.700000047683716,4,4600,PHI@LV,LV,PHI,,,,,,RB/FLEX
65523-69860,RB,Trayveon,Trayveon Williams,Williams,1.2999999523162842,1,4600,CIN@BAL,CIN,BAL,,,,,,RB/FLEX
65523-52591,RB,Rodney,Rodney Smith,Smith,7.300000190734863,1,4600,CAR@NYG,CAR,NYG,,,,,,RB/FLEX
65523-55694,WR,Mike,Mike Thomas,Thomas,1.3000000317891438,3,4600,CIN@BAL,CIN,BAL,Q,Ankle,,,,WR/FLEX
65523-80281,WR,C.J.,C.J. Board,Board,1.2833333015441895,6,4600,CAR@NYG,NYG,CAR,O,Arm,,,,WR/FLEX
65523-44449,WR,Willie,Willie Snead IV,Snead IV,0.9399999618530274,5,4600,PHI@LV,LV,PHI,,,,,,WR/FLEX
65523-54782,TE,Cameron,Cameron Brate,Brate,3.3,5,4600,CHI@TB,TB,CHI,,,,,,TE/FLEX
65523-103943,WR,Trinity,Trinity Benson,Benson,1.7,5,4600,DET@LAR,DET,LAR,,,,,,WR/FLEX
65523-91677,WR,Shi,Shi Smith,Smith,3,1,4600,CAR@NYG,CAR,NYG,,,,,,WR/FLEX
65523-71367,RB,La'Mical,La'Mical Perine,Perine,4.7,10,4600,NYJ@NE,NYJ,NE,,,,,,RB/FLEX
65523-92976,WR,Tutu,Tutu Atwell,Atwell,0,5,4600,DET@LAR,LAR,DET,,,,,,WR/FLEX
65523-89970,WR,Amari,Amari Rodgers,Rodgers,0.7166666984558105,6,4600,WAS@GB,GB,WAS,,,,,,WR/FLEX
65523-45964,WR,Marcus,Marcus Kemp,Kemp,0,1,4600,KC@TEN,KC,TEN,,,,,,WR/FLEX
65523-71578,RB,Artavis,Artavis Pierce,Pierce,0,1,4600,CHI@TB,CHI,TB,,,,,,RB/FLEX
65523-104388,WR,Tom,Tom Kennedy,Kennedy,2,1,4600,DET@LAR,DET,LAR,,,,,,WR/FLEX
65523-57338,TE,Jordan,Jordan Akins,Akins,2.566666603088379,6,4600,HOU@ARI,HOU,ARI,,,,,,TE/FLEX
65523-70663,WR,Frank,Frank Darby,Darby,,,4500,ATL@MIA,ATL,MIA,,,,,,WR/FLEX
65523-92168,WR,Damion,Damion Willis,Willis,0,1,4500,WAS@GB,WAS,GB,,,,,,WR/FLEX
65523-69646,RB,Dedrick,Dedrick Mills,Mills,,,4500,DET@LAR,DET,LAR,,,,,,RB/FLEX
65523-69655,WR,Stephen,Stephen Sullivan,Sullivan,0,1,4500,CAR@NYG,CAR,NYG,,,,,,WR/FLEX
65523-70680,WR,Jalen,Jalen Camp,Camp,,,4500,HOU@ARI,HOU,ARI,,,,,,WR/FLEX
65523-71723,WR,Dez,Dez Fitzpatrick,Fitzpatrick,,,4500,KC@TEN,TEN,KC,,,,,,WR/FLEX
65523-42046,TE,Durham,Durham Smythe,Smythe,2.9399999618530273,5,4500,ATL@MIA,MIA,ATL,,,,,,TE/FLEX
65523-86078,WR,Trevon,Trevon Grimes,Grimes,,,4500,PHI@LV,PHI,LV,Q,Undisclosed,,,,WR/FLEX
65523-63554,WR,Dalton,Dalton Schoen,Schoen,0,1,4500,WAS@GB,WAS,GB,,,,,,WR/FLEX
65523-89157,RB,Caleb,Caleb Huntley,Huntley,,,4500,ATL@MIA,ATL,MIA,O,Undisclosed,,,,RB/FLEX
65523-55366,RB,Qadree,Qadree Ollison,Ollison,0.30000001192092896,1,4500,ATL@MIA,ATL,MIA,,,,,,RB/FLEX
65523-44103,RB,Elijah,Elijah McGuire,McGuire,0,1,4500,KC@TEN,KC,TEN,,,,,,RB/FLEX
65523-27721,WR,Justin,Justin Hardee Sr.,Hardee Sr.,,,4500,NYJ@NE,NYJ,NE,,,,,,WR/FLEX
65523-68686,WR,C.J.,C.J. Saunders,Saunders,,,4500,CAR@NYG,CAR,NYG,,,,,,WR/FLEX
65523-41042,WR,Marcell,Marcell Ateman,Ateman,,,4500,PHI@LV,LV,PHI,,,,,,WR/FLEX
65523-87122,WR,Lynn,Lynn Bowden Jr.,Bowden Jr.,3.9580001831054688,10,4500,ATL@MIA,MIA,ATL,IR,Hamstring,,,,WR/FLEX
65523-63576,WR,Kirk,Kirk Merritt,Merritt,0,1,4500,ATL@MIA,MIA,ATL,,,,,,WR/FLEX
65523-70749,WR,Ryan,Ryan Becker,Becker,0,2,4500,ATL@MIA,ATL,MIA,IR,Undisclosed,,,,WR/FLEX
65523-79972,WR,Chad,Chad Williams,Williams,,,4500,KC@TEN,KC,TEN,Q,Undisclosed,,,,WR/FLEX
65523-61555,WR,David,David Sills,Sills,0,1,4500,CAR@NYG,NYG,CAR,,,,,,WR/FLEX
65523-63603,WR,Jared,Jared Pinkney,Pinkney,0,1,4500,DET@LAR,DET,LAR,,,,,,WR/FLEX
65523-64627,WR,Scotty,Scotty Washington,Washington,0,1,4500,CIN@BAL,CIN,BAL,,,,,,WR/FLEX
65523-52345,WR,Brandon,Brandon Powell,Powell,1.5733333587646485,15,4500,ATL@MIA,MIA,ATL,,,,,,WR/FLEX
65523-55417,WR,Jon'Vea,Jon'Vea Johnson,Johnson,0,1,4500,CHI@TB,CHI,TB,,,,,,WR/FLEX
65523-64634,WR,Alex,Alex Bachman,Bachman,0,1,4500,CAR@NYG,NYG,CAR,Q,Undisclosed,,,,WR/FLEX
65523-104577,WR,Gunner,Gunner Olszewski,Olszewski,0,5,4500,NYJ@NE,NE,NYJ,,,,,,WR/FLEX
65523-84101,WR,Vyncint,Vyncint Smith,Smith,0.44999998807907104,4,4500,NYJ@NE,NYJ,NE,,,,,,WR/FLEX
65523-83083,WR,Justin,Justin Watson,Watson,2.5799999237060547,5,4500,CHI@TB,TB,CHI,NA,Knee,,,,WR/FLEX
65523-83086,WR,Daurice,Daurice Fountain,Fountain,1.099999984105428,3,4500,KC@TEN,KC,TEN,,,,,,WR/FLEX
65523-89230,RB,Cam,Cam Akers,Akers,9.266666666666667,15,4500,DET@LAR,LAR,DET,IR,Achilles,,,,RB/FLEX
65523-42142,RB,Jordan,Jordan Howard,Howard,3.7750000953674316,8,4500,PHI@LV,PHI,LV,,,,,,RB/FLEX
65523-25760,WR,Allen,Allen Hurns,Hurns,0,1,4500,ATL@MIA,MIA,ATL,IR,Wrist,,,,WR/FLEX
65523-91305,WR,Jeremiah,Jeremiah Haydel,Haydel,,,4500,DET@LAR,LAR,DET,,,,,,WR/FLEX
65523-52397,RB,Devante,Devante Downs,Downs,0,1,4500,CAR@NYG,NYG,CAR,,,,,,RB/FLEX
65523-52409,RB,Jakob,Jakob Johnson,Johnson,1.6875,8,4500,NYJ@NE,NE,NYJ,,,,,,RB/FLEX
65523-41155,WR,Taquan,Taquan Mizzell,Mizzell,,,4500,CAR@NYG,NYG,CAR,Q,Undisclosed,,,,WR/FLEX
65523-64718,WR,Kai,Kai Locksley,Locksley,,,4500,ATL@MIA,MIA,ATL,,,,,,WR/FLEX
65523-40148,WR,Ishmael,Ishmael Hyman,Hyman,0,2,4500,CAR@NYG,CAR,NYG,,,,,,WR/FLEX
65523-130265,WR,John,John Hurst,Hurst,,,4500,CHI@TB,TB,CHI,,,,,,WR/FLEX
65523-55514,RB,Buddy,Buddy Howell,Howell,2.3999999364217124,3,4500,DET@LAR,LAR,DET,,,,,,RB/FLEX
65523-57565,RB,Austin,Austin Walter,Walter,0.875,4,4500,NYJ@NE,NYJ,NE,,,,,,RB/FLEX
65523-130268,WR,Josh,Josh Pearson,Pearson,,,4500,CHI@TB,TB,CHI,,,,,,WR/FLEX
65523-68835,RB,CJ,CJ Marable,Marable,,,4500,CHI@TB,CHI,TB,,,,,,RB/FLEX
65523-130275,WR,Kristian,Kristian Wilkerson,Wilkerson,0,1,4500,NYJ@NE,NE,NYJ,,,,,,WR/FLEX
65523-130274,WR,Isaiah,Isaiah Coulter,Coulter,,,4500,CHI@TB,CHI,TB,,,,,,WR/FLEX
65523-130276,WR,Mason,Mason Kinsey,Kinsey,0,1,4500,KC@TEN,TEN,KC,,,,,,WR/FLEX
65523-130279,WR,Matt,Matt Cole,Cole,0,1,4500,CAR@NYG,CAR,NYG,,,,,,WR/FLEX
65523-40167,RB,Gus,Gus Edwards,Edwards,7.316666497124566,18,4500,CIN@BAL,BAL,CIN,IR,Knee - acl,,,,RB/FLEX
65523-64744,RB,Josh,Josh Adams,Adams,4.7999997820172995,7,4500,NYJ@NE,NYJ,NE,,,,,,RB/FLEX
65523-149742,RB,Nate,Nate McCrary,McCrary,,,4500,CIN@BAL,BAL,CIN,,,,,,RB/FLEX
65523-149743,WR,Donte,Donte Sylencieux,Sylencieux,,,4500,CIN@BAL,BAL,CIN,Q,Undisclosed,,,,WR/FLEX
65523-11504,WR,Andre,Andre Roberts,Roberts,0.3333333333333333,6,4500,HOU@ARI,HOU,ARI,,,,,,WR/FLEX
65523-94453,RB,Darwin,Darwin Thompson,Thompson,5.94000015258789,5,4500,CHI@TB,TB,CHI,,,,,,RB/FLEX
65523-72955,WR,Antonio,Antonio Nunn,Nunn,,,4500,ATL@MIA,ATL,MIA,,,,,,WR/FLEX
65523-45307,WR,Rodney,Rodney Adams,Adams,0,2,4500,CHI@TB,CHI,TB,,,,,,WR/FLEX
65523-88317,RB,Javon,Javon Leake,Leake,0,1,4500,DET@LAR,DET,LAR,,,,,,RB/FLEX
65523-29949,WR,Marvin,Marvin Hall,Hall,4.6636362942782315,11,4500,NYJ@NE,NE,NYJ,Q,Undisclosed,,,,WR/FLEX
65523-89342,WR,Jonathan,Jonathan Adams Jr.,Adams Jr.,,,4500,DET@LAR,DET,LAR,,,,,,WR/FLEX
65523-28930,RB,James,James White,White,8.40000025431315,3,4500,NYJ@NE,NE,NYJ,IR,Hip,,,,RB/FLEX
65523-130309,WR,J.J.,J.J. Koski,Koski,0,2,4500,DET@LAR,LAR,DET,,,,,,WR/FLEX
65523-41221,WR,Andre,Andre Patton,Patton,0,2,4500,PHI@LV,PHI,LV,,,,,,WR/FLEX
65523-65798,WR,Siaosi,Siaosi Mariner,Mariner,,,4500,CIN@BAL,BAL,CIN,,,,,,WR/FLEX
65523-12553,D,Carolina,Carolina Panthers,Panthers,7,6,4500,CAR@NYG,CAR,NYG,,,,,,DEF
65523-130315,WR,Chris,Chris Rowland,Rowland,0,2,4500,ATL@MIA,ATL,MIA,,,,,,WR/FLEX
65523-130317,WR,Juwan,Juwan Green,Green,0,1,4500,ATL@MIA,ATL,MIA,,,,,,WR/FLEX
65523-130318,RB,Mikey,Mikey Daniel,Daniel,0,1,4500,CAR@NYG,CAR,NYG,,,,,,RB/FLEX
65523-130320,WR,Aaron,Aaron Parker,Parker,0,1,4500,CAR@NYG,CAR,NYG,,,,,,WR/FLEX
65523-71955,RB,Mason,Mason Stokke,Stokke,,,4500,CAR@NYG,CAR,NYG,,,,,,RB/FLEX
65523-71957,WR,Quintez,Quintez Cephus,Cephus,8.38000030517578,5,4500,DET@LAR,DET,LAR,IR,Collarbone,,,,WR/FLEX
65523-72981,WR,Aleva,Aleva Hifo,Hifo,,,4500,HOU@ARI,ARI,HOU,,,,,,WR/FLEX
65523-86295,RB,Michael,Michael Warren,Warren,0,2,4500,DET@LAR,DET,LAR,Q,Undisclosed,,,,RB/FLEX
65523-130326,WR,Manasseh,Manasseh Bailey,Bailey,0,1,4500,NYJ@NE,NYJ,NE,,,,,,WR/FLEX
65523-34073,TE,Ryan,Ryan Griffin,Griffin,1.7799999237060546,5,4500,NYJ@NE,NYJ,NE,,,,,,TE/FLEX
65523-68890,WR,Devin,Devin Gray,Gray,0,1,4500,CIN@BAL,BAL,CIN,,,,,,WR/FLEX
65523-71962,RB,Garrett,Garrett Groshek,Groshek,,,4500,PHI@LV,LV,PHI,,,,,,RB/FLEX
65523-130335,WR,Reggie,Reggie Begelton,Begelton,,,4500,WAS@GB,GB,WAS,,,,,,WR/FLEX
65523-60704,WR,Derrick,Derrick Dillon,Dillon,0,1,4500,CAR@NYG,NYG,CAR,Q,Undisclosed,,,,WR/FLEX
65523-29985,WR,Jaydon,Jaydon Mickens,Mickens,0,5,4500,CHI@TB,TB,CHI,,,,,,WR/FLEX
65523-130336,RB,Sandro,Sandro Platzgummer,Platzgummer,0,1,4500,CAR@NYG,NYG,CAR,,,,,,RB/FLEX
65523-130338,WR,Rysen,Rysen John,John,0,1,4500,CAR@NYG,NYG,CAR,IR,Ankle,,,,WR/FLEX
65523-68901,RB,Gerrid,Gerrid Doaks,Doaks,,,4500,ATL@MIA,MIA,ATL,,,,,,RB/FLEX
65523-91431,RB,Ben,Ben Mason,Mason,,,4500,NYJ@NE,NE,NYJ,,,,,,RB/FLEX
65523-71974,WR,Malcolm,Malcolm Perry,Perry,2.2444445292154946,9,4500,NYJ@NE,NE,NYJ,IR,Foot,,,,WR/FLEX
65523-130345,WR,Michael,Michael Dereus,Dereus,0,1,4500,CIN@BAL,BAL,CIN,,,,,,WR/FLEX
65523-90408,WR,Dax,Dax Milne,Milne,0.550000011920929,2,4500,WAS@GB,WAS,GB,,,,,,WR/FLEX
65523-130350,WR,Jaylon,Jaylon Moore,Moore,0,1,4500,CIN@BAL,BAL,CIN,,,,,,WR/FLEX
65523-57651,WR,Travis,Travis Fulgham,Fulgham,8.075000127156576,12,4500,ATL@MIA,MIA,ATL,,,,,,WR/FLEX
65523-45371,WR,Darius,Darius Phillips,Phillips,0,6,4500,CIN@BAL,CIN,BAL,,,,,,WR/FLEX
65523-64828,WR,Chris,Chris Finke,Finke,0,1,4500,KC@TEN,KC,TEN,Q,Undisclosed,,,,WR/FLEX
65523-64835,RB,Dexter,Dexter Williams,Williams,0.4000000059604645,2,4500,CAR@NYG,NYG,CAR,,,,,,RB/FLEX
65523-52560,WR,Geronimo,Geronimo Allison,Allison,0,1,4500,DET@LAR,DET,LAR,,,,,,WR/FLEX
65523-73046,WR,Tre,Tre Nixon,Nixon,,,4500,NYJ@NE,NE,NYJ,,,,,,WR/FLEX
65523-60765,WR,Brian,Brian Cole,Cole,0,1,4500,CAR@NYG,CAR,NYG,,,,,,WR/FLEX
65523-24929,WR,Kelvin,Kelvin Benjamin,Benjamin,,,4500,CAR@NYG,NYG,CAR,,,,,,WR/FLEX
65523-94567,RB,Otis,Otis Anderson,Anderson,,,4500,DET@LAR,LAR,DET,,,,,,RB/FLEX
65523-41319,WR,Jeff,Jeff Badet,Badet,0,2,4500,ATL@MIA,ATL,MIA,Q,Lower leg,,,,WR/FLEX
65523-33137,WR,Justin,Justin Hardy,Hardy,,,4500,CHI@TB,CHI,TB,,,,,,WR/FLEX
65523-52602,WR,DeAndre,DeAndre Thompkins,Thompkins,0,1,4500,WAS@GB,GB,WAS,Q,Undisclosed,,,,WR/FLEX
65523-71039,WR,Kelvin,Kelvin Harmon,Harmon,0,1,4500,WAS@GB,WAS,GB,,,,,,WR/FLEX
65523-70019,RB,Tavien,Tavien Feaster,Feaster,0,1,4500,HOU@ARI,ARI,HOU,,,,,,RB/FLEX
65523-70023,WR,Cornell,Cornell Powell,Powell,,,4500,KC@TEN,KC,TEN,,,,,,WR/FLEX
65523-93577,WR,Dazz,Dazz Newsome,Newsome,,,4500,CHI@TB,CHI,TB,,,,,,WR/FLEX
65523-64905,WR,Trenton,Trenton Irwin,Irwin,1.5,2,4500,CIN@BAL,CIN,BAL,,,,,,WR/FLEX
65523-64907,WR,JJ,JJ Arcega-Whiteside,Arcega-Whiteside,3.7,5,4500,PHI@LV,PHI,LV,,,,,,WR/FLEX
65523-47501,WR,Marken,Marken Michel,Michel,0,2,4500,WAS@GB,WAS,GB,,,,,,WR/FLEX
65523-43416,WR,Trent,Trent Taylor,Taylor,1.2363636710427024,11,4500,CIN@BAL,CIN,BAL,,,,,,WR/FLEX
65523-41370,WR,Trevor,Trevor Davis,Davis,0,2,4500,ATL@MIA,ATL,MIA,,,,,,WR/FLEX
65523-72091,RB,Raymond,Raymond Calais,Calais,0,5,4500,DET@LAR,LAR,DET,IR,Foot,,,,RB/FLEX
65523-41371,RB,Khalfani,Khalfani Muhammad,Muhammad,0,1,4500,HOU@ARI,ARI,HOU,,,,,,RB/FLEX
65523-73116,WR,Javon,Javon McKinley,McKinley,,,4500,DET@LAR,DET,LAR,,,,,,WR/FLEX
65523-64926,WR,Michael,Michael Jacquet III,Jacquet III,0,1,4500,PHI@LV,PHI,LV,,,,,,WR/FLEX
65523-32161,WR,Gehrig,Gehrig Dieter,Dieter,1.5,1,4500,KC@TEN,KC,TEN,,,,,,WR/FLEX
65523-60835,WR,Isaac,Isaac Whitney,Whitney,,,4500,HOU@ARI,ARI,HOU,,,,,,WR/FLEX
65523-60838,WR,Andre,Andre Baccellia,Baccellia,0,1,4500,HOU@ARI,ARI,HOU,,,,,,WR/FLEX
65523-72103,RB,Trey,Trey Ragas,Ragas,,,4500,PHI@LV,LV,PHI,,,,,,RB/FLEX
65523-43433,RB,Boston,Boston Scott,Scott,1.5,1,4500,PHI@LV,PHI,LV,,,,,,RB/FLEX
65523-80299,RB,Patrick,Patrick Ricard,Ricard,1.1999999682108562,3,4500,CIN@BAL,BAL,CIN,,,,,,RB/FLEX
65523-62891,WR,Omar,Omar Bayless,Bayless,0,2,4500,CAR@NYG,CAR,NYG,,,,,,WR/FLEX
65523-63919,WR,Bailey,Bailey Gaither,Gaither,,,4500,WAS@GB,GB,WAS,,,,,,WR/FLEX
65523-28080,WR,Devin,Devin Funchess,Funchess,,,4500,WAS@GB,GB,WAS,Q,Hamstring,,,,WR/FLEX
65523-147899,RB,Darius,Darius Clark,Clark,,,4500,CAR@NYG,CAR,NYG,Q,Knee,,,,RB/FLEX
65523-71105,WR,Ben,Ben Skowronek,Skowronek,,,4500,DET@LAR,LAR,DET,,,,,,WR/FLEX
65523-72133,WR,Antoine,Antoine Wesley,Wesley,0,1,4500,HOU@ARI,ARI,HOU,,,,,,WR/FLEX
65523-55750,WR,Chris,Chris Lacy,Lacy,0,1,4500,CHI@TB,CHI,TB,,,,,,WR/FLEX
65523-26057,RB,Michael,Michael Burton,Burton,0.625,4,4500,KC@TEN,KC,TEN,,,,,,RB/FLEX
65523-86472,WR,John,John Hightower,Hightower,2.3799999237060545,10,4500,PHI@LV,PHI,LV,,,,,,WR/FLEX
65523-64973,WR,Micah,Micah Simon,Simon,,,4500,CAR@NYG,CAR,NYG,,,,,,WR/FLEX
65523-69068,RB,Jonathan,Jonathan Ward,Ward,1.399999976158142,1,4500,HOU@ARI,ARI,HOU,,,,,,RB/FLEX
65523-31184,RB,Jonathan,Jonathan Williams,Williams,0.8666666348775228,3,4500,WAS@GB,WAS,GB,,,,,,RB/FLEX
65523-71120,WR,Riley,Riley Lees,Lees,,,4500,CIN@BAL,CIN,BAL,,,,,,WR/FLEX
65523-41430,WR,Devin,Devin Ross,Ross,0,1,4500,NYJ@NE,NE,NYJ,,,,,,WR/FLEX
65523-103896,WR,Nsimba,Nsimba Webster,Webster,0,3,4500,CHI@TB,CHI,TB,,,,,,WR/FLEX
65523-87515,WR,Tylan,Tylan Wallace,Wallace,,,4500,CIN@BAL,BAL,CIN,,,,,,WR/FLEX
65523-21980,WR,Alshon,Alshon Jeffery,Jeffery,2.5625,8,4500,PHI@LV,PHI,LV,,,,,,WR/FLEX
65523-103901,WR,Davion,Davion Davis,Davis,,,4500,HOU@ARI,HOU,ARI,,,,,,WR/FLEX
65523-73180,WR,Binjimen,Binjimen Victor,Victor,0,1,4500,CIN@BAL,BAL,CIN,Q,Head,,,,WR/FLEX
65523-34295,WR,Breshad,Breshad Perriman,Perriman,7.008333206176758,12,4500,CHI@TB,CHI,TB,,,,,,WR/FLEX
65523-88590,RB,Scottie,Scottie Phillips,Phillips,2.0999999046325684,1,4500,HOU@ARI,HOU,ARI,,,,,,RB/FLEX
65523-22037,RB,Lamar,Lamar Miller,Miller,0.5333333412806193,3,4500,WAS@GB,WAS,GB,,,,,,RB/FLEX
65523-55830,RB,D'Onta,D'Onta Foreman,Foreman,3.3,5,4500,ATL@MIA,ATL,MIA,,,,,,RB/FLEX
65523-69150,WR,Jordan,Jordan Veasy,Veasy,0,1,4500,HOU@ARI,HOU,ARI,,,,,,WR/FLEX
65523-72235,WR,Damon,Damon Hazelton,Hazelton,,,4500,HOU@ARI,HOU,ARI,,,,,,WR/FLEX
65523-38444,RB,Tyler,Tyler Gaffney,Gaffney,,,4500,NYJ@NE,NE,NYJ,,,,,,RB/FLEX
65523-60978,RB,Carl,Carl Tucker,Tucker,,,4500,ATL@MIA,MIA,ATL,,,,,,RB/FLEX
65523-70206,RB,Jason,Jason Huntley,Huntley,0.48000001907348633,5,4500,PHI@LV,PHI,LV,,,,,,RB/FLEX
65523-103998,WR,Thomas,Thomas Ives,Ives,0,2,4500,CHI@TB,CHI,TB,Q,Undisclosed,,,,WR/FLEX
65523-87617,WR,Sage,Sage Surratt,Surratt,,,4500,DET@LAR,DET,LAR,,,,,,WR/FLEX
65523-52808,RB,Dontrell,Dontrell Hilliard,Hilliard,1.1,5,4500,HOU@ARI,HOU,ARI,,,,,,RB/FLEX
65523-62042,WR,Deon,Deon Cain,Cain,0,1,4500,CIN@BAL,BAL,CIN,,,,,,WR/FLEX
65523-22113,RB,Alfred,Alfred Morris,Morris,3.9200000762939453,10,4500,CAR@NYG,NYG,CAR,,,,,,RB/FLEX
65523-63078,RB,Ke'Shawn,Ke'Shawn Vaughn,Vaughn,2.9857142312186107,7,4500,CHI@TB,TB,CHI,,,,,,RB/FLEX
65523-88685,WR,Austin,Austin Trammell,Trammell,,,4500,ATL@MIA,ATL,MIA,,,,,,WR/FLEX
65523-71280,WR,Kalija,Kalija Lipscomb,Lipscomb,,,4500,KC@TEN,TEN,KC,,,,,,WR/FLEX
65523-56946,WR,Ventell,Ventell Bryant,Bryant,0,1,4500,CAR@NYG,CAR,NYG,,,,,,WR/FLEX
65523-94850,WR,Jhamon,Jhamon Ausbon,Ausbon,,,4500,PHI@LV,PHI,LV,,,,,,WR/FLEX
65523-55940,WR,Chad,Chad Hansen,Hansen,7.619999694824219,5,4500,DET@LAR,DET,LAR,Q,Undisclosed,,,,WR/FLEX
65523-55941,RB,Patrick,Patrick Laird,Laird,1.8888888888888888,9,4500,ATL@MIA,MIA,ATL,,,,,,RB/FLEX
65523-61072,WR,Stanley,Stanley Morgan,Morgan,0,1,4500,CIN@BAL,CIN,BAL,,,,,,WR/FLEX
65523-53913,WR,Cody,Cody Hollister,Hollister,1.7000000476837158,1,4500,KC@TEN,TEN,KC,Q,Ankle,,,,WR/FLEX
65523-47780,WR,Taywan,Taywan Taylor,Taylor,0,2,4500,HOU@ARI,HOU,ARI,Q,Undisclosed,,,,WR/FLEX
65523-52902,WR,Trey,Trey Quinn,Quinn,0,3,4500,PHI@LV,LV,PHI,Q,Undisclosed,,,,WR/FLEX
65523-64175,WR,Hakeem,Hakeem Butler,Butler,0,2,4500,PHI@LV,PHI,LV,,,,,,WR/FLEX
65523-96942,WR,Keelan,Keelan Doss,Doss,,,4500,ATL@MIA,ATL,MIA,,,,,,WR/FLEX
65523-7856,WR,Matthew,Matthew Slater,Slater,0,1,4500,NYJ@NE,NE,NYJ,,,,,,WR/FLEX
65523-89785,RB,Spencer,Spencer Brown,Brown,,,4500,CAR@NYG,CAR,NYG,,,,,,RB/FLEX
65523-71355,RB,Elijah,Elijah Holyfield,Holyfield,0,1,4500,CIN@BAL,CIN,BAL,,,,,,RB/FLEX
65523-104124,WR,Darrius,Darrius Shepherd,Shepherd,0.7285714149475098,7,4500,KC@TEN,KC,TEN,,,,,,WR/FLEX
65523-71359,WR,Javon,Javon Wims,Wims,1.5727272033691406,11,4500,PHI@LV,LV,PHI,,,,,,WR/FLEX
65523-33472,RB,C.J.,C.J. Prosise,Prosise,2.0399999618530273,5,4500,CHI@TB,TB,CHI,,,,,,RB/FLEX
65523-27338,RB,Rex,Rex Burkhead,Burkhead,0.5,4,4500,HOU@ARI,HOU,ARI,,,,,,RB/FLEX
65523-69325,WR,Riley,Riley Ridley,Ridley,2.1,5,4500,CHI@TB,CHI,TB,,,,,,WR/FLEX
65523-53967,RB,Nick,Nick Bawden,Bawden,0,1,4500,NYJ@NE,NYJ,NE,,,,,,RB/FLEX
65523-85714,RB,Tory,Tory Carter,Carter,,,4500,KC@TEN,TEN,KC,,,,,,RB/FLEX
65523-69343,WR,Landen,Landen Akers,Akers,,,4500,DET@LAR,LAR,DET,,,,,,WR/FLEX
65523-63201,RB,Xavier,Xavier Jones,Jones,0,3,4500,DET@LAR,LAR,DET,IR,Achilles,,,,RB/FLEX
65523-40674,WR,Jester,Jester Weah,Weah,0,1,4500,CHI@TB,CHI,TB,,,,,,WR/FLEX
65523-85731,WR,Racey,Racey McMath,McMath,0,1,4500,KC@TEN,TEN,KC,IR,Quadriceps,,,,WR/FLEX
65523-147168,WR,Chris,Chris Blair,Blair,,,4500,WAS@GB,GB,WAS,,,,,,WR/FLEX
65523-29411,TE,Pharaoh,Pharaoh Brown,Brown,2.9600000381469727,5,4500,HOU@ARI,HOU,ARI,,,,,,TE/FLEX
65523-56041,RB,Khari,Khari Blasingame,Blasingame,1.1800000190734863,5,4500,KC@TEN,TEN,KC,Q,Shoulder,,,,RB/FLEX
65523-87787,RB,J.K.,J.K. Dobbins,Dobbins,10.617647058823529,17,4500,CIN@BAL,BAL,CIN,IR,Knee - acl,,,,RB/FLEX
65523-56051,WR,Caleb,Caleb Scott,Scott,,,4500,PHI@LV,LV,PHI,Q,Undisclosed,,,,WR/FLEX
65523-54010,RB,Brian,Brian Hill,Hill,5.181250095367432,16,4500,KC@TEN,TEN,KC,,,,,,RB/FLEX
65523-64252,WR,Tony,Tony Brown,Brown,0,1,4500,WAS@GB,WAS,GB,,,,,,WR/FLEX
65523-56064,RB,Bo,Bo Scarbrough,Scarbrough,1.5499999523162842,2,4500,PHI@LV,LV,PHI,,,,,,RB/FLEX
65523-85762,RB,Eno,Eno Benjamin,Benjamin,0,2,4500,HOU@ARI,ARI,HOU,,,,,,RB/FLEX
65523-92932,RB,Javian,Javian Hawkins,Hawkins,,,4500,DET@LAR,LAR,DET,,,,,,RB/FLEX
65523-61200,WR,Jaylinn,Jaylinn Hawkins,Hawkins,0,1,4500,ATL@MIA,ATL,MIA,,,,,,WR/FLEX
65523-94993,RB,Pooka,Pooka Williams Jr.,Williams Jr.,,,4500,CIN@BAL,CIN,BAL,,,,,,RB/FLEX
65523-56099,RB,Cullen,Cullen Gillaspia,Gillaspia,0.550000011920929,2,4500,CAR@NYG,NYG,CAR,,,,,,RB/FLEX
65523-32564,WR,Josh,Josh Doctson,Doctson,0,1,4500,HOU@ARI,ARI,HOU,,,,,,WR/FLEX
65523-72515,TE,Ian,Ian Thomas,Thomas,3.4,5,4500,CAR@NYG,CAR,NYG,,,,,,TE/FLEX
65523-31561,WR,Donte,Donte Moncrief,Moncrief,0.40000001589457196,6,4500,HOU@ARI,HOU,ARI,Q,Undisclosed,,,,WR/FLEX
65523-56142,WR,Juwann,Juwann Winfree,Winfree,,,4500,WAS@GB,GB,WAS,,,,,,WR/FLEX
65523-73551,WR,Stantley,Stantley Thomas-Oliver III,Thomas-Oliver III,0,2,4500,CAR@NYG,CAR,NYG,,,,,,WR/FLEX
65523-64350,WR,Jeff,Jeff Smith,Smith,1.933333396911621,3,4500,NYJ@NE,NYJ,NE,Q,Concussion,,,,WR/FLEX
65523-71519,WR,Dillon,Dillon Stoner,Stoner,,,4500,PHI@LV,LV,PHI,,,,,,WR/FLEX
65523-93023,RB,Jermar,Jermar Jefferson,Jefferson,,,4500,DET@LAR,DET,LAR,,,,,,RB/FLEX
65523-71521,RB,Justice,Justice Hill,Hill,1.3125,8,4500,CIN@BAL,BAL,CIN,IR,Achilles,,,,RB/FLEX
65523-104289,WR,Malik,Malik Taylor,Taylor,2.4000000953674316,1,4500,WAS@GB,GB,WAS,IR,Illness,,,,WR/FLEX
65523-63330,RB,Mike,Mike Weber,Weber,,,4500,CAR@NYG,NYG,CAR,Q,Hip,,,,RB/FLEX
65523-64357,WR,Michael,Michael Walker,Walker,0,2,4500,PHI@LV,PHI,LV,Q,Undisclosed,,,,WR/FLEX
65523-31602,WR,Fred,Fred Brown,Brown,0,1,4500,KC@TEN,TEN,KC,,,,,,WR/FLEX
65523-57208,WR,KeeSean,KeeSean Johnson,Johnson,2.4799999237060546,10,4500,PHI@LV,PHI,LV,,,,,,WR/FLEX
65523-63360,WR,Antonio,Antonio Callaway,Callaway,0.75,4,4500,KC@TEN,KC,TEN,Q,Knee,,,,WR/FLEX
65523-28545,RB,Rod,Rod Smith,Smith,0,1,4500,CAR@NYG,CAR,NYG,,,,,,RB/FLEX
65523-69518,WR,T.J.,T.J. Simmons Jr.,Simmons Jr.,,,4500,CHI@TB,TB,CHI,,,,,,WR/FLEX
65523-63383,RB,Jordan,Jordan Scarlett,Scarlett,0,2,4500,ATL@MIA,MIA,ATL,,,,,,RB/FLEX
65523-40866,WR,J'Mon,J'Mon Moore,Moore,0,1,4500,ATL@MIA,ATL,MIA,Q,Undisclosed,,,,WR/FLEX
65523-25513,WR,Darius,Darius Jennings,Jennings,0,1,4500,DET@LAR,DET,LAR,,,,,,WR/FLEX
65523-54186,WR,A.J.,A.J. Richardson,Richardson,0,2,4500,HOU@ARI,ARI,HOU,,,,,,WR/FLEX
65523-45997,WR,Keith,Keith Kirkwood,Kirkwood,0.8999999761581421,2,4500,CAR@NYG,CAR,NYG,,,,,,WR/FLEX
65523-72627,RB,Patrick,Patrick Taylor,Taylor,,,4500,WAS@GB,GB,WAS,,,,,,RB/FLEX
65523-69558,WR,Greg,Greg Dortch,Dortch,0,2,4500,HOU@ARI,ARI,HOU,,,,,,WR/FLEX
65523-55224,RB,Reggie,Reggie Bonnafon,Bonnafon,3.924999952316284,4,4500,CAR@NYG,CAR,NYG,Q,Undisclosed,,,,RB/FLEX
65523-63419,WR,Andy,Andy Isabella,Isabella,4.027272657914595,11,4500,HOU@ARI,ARI,HOU,,,,,,WR/FLEX
65523-92093,WR,Jaelon,Jaelon Darden,Darden,0.5,1,4500,CHI@TB,TB,CHI,,,,,,WR/FLEX
65523-32703,WR,Jakeem,Jakeem Grant,Grant,-0.6166666746139526,6,4500,CHI@TB,CHI,TB,,,,,,WR/FLEX
65523-43973,RB,Keith,Keith Smith,Smith,1.0199999809265137,5,4500,ATL@MIA,ATL,MIA,,,,,,RB/FLEX
65523-72669,WR,Isaiah,Isaiah Wright,Wright,2.7333332697550454,12,4500,WAS@GB,WAS,GB,,,,,,WR/FLEX
65523-41954,WR,Victor,Victor Bolden,Bolden,0,1,4500,DET@LAR,DET,LAR,,,,,,WR/FLEX
65523-72676,RB,Troymaine,Troymaine Pope,Pope,3.950000047683716,4,4500,CHI@TB,TB,CHI,Q,Undisclosed,,,,RB/FLEX
65523-104424,RB,Craig,Craig Reynolds,Reynolds,0.40000001589457196,3,4500,DET@LAR,DET,LAR,,,,,,RB/FLEX
65523-71661,WR,Tino,Tino Ellis,Ellis,,,4500,ATL@MIA,MIA,ATL,,,,,,WR/FLEX
65523-104429,WR,Khalil,Khalil McClain,McClain,,,4500,ATL@MIA,MIA,ATL,,,,,,WR/FLEX
65523-71662,WR,DJ,DJ Turner,Turner,,,4500,PHI@LV,LV,PHI,,,,,,WR/FLEX
65523-71806,TE,Kaden,Kaden Smith,Smith,2.4000000953674316,2,4400,CAR@NYG,NYG,CAR,,,,,,TE/FLEX
65523-12551,D,Tampa Bay,Tampa Bay Buccaneers,Buccaneers,7,6,4400,CHI@TB,TB,CHI,,,,,,DEF
65523-60712,TE,Foster,Foster Moreau,Moreau,4.433333396911621,3,4400,PHI@LV,LV,PHI,,,,,,TE/FLEX
65523-26038,TE,Tyler,Tyler Kroft,Kroft,1.899999976158142,4,4400,NYJ@NE,NYJ,NE,Q,Back,,,,TE/FLEX
65523-29314,TE,Richard,Richard Rodgers,Rodgers,7.3125,8,4400,HOU@ARI,ARI,HOU,,,,,,TE/FLEX
65523-11512,TE,Jimmy,Jimmy Graham,Graham,0.800000011920929,2,4300,CHI@TB,CHI,TB,,,,,,TE/FLEX
65523-12555,D,Baltimore,Baltimore Ravens,Ravens,6.333333333333333,6,4300,CIN@BAL,BAL,CIN,,,,,,DEF
65523-6672,TE,Marcedes,Marcedes Lewis,Lewis,2.674999952316284,4,4300,WAS@GB,GB,WAS,,,,,,TE/FLEX
65523-38523,TE,Geoff,Geoff Swaim,Swaim,1.2399999618530273,5,4300,KC@TEN,TEN,KC,,,,,,TE/FLEX
65523-14237,TE,Kyle,Kyle Rudolph,Rudolph,2.779999923706055,5,4300,CAR@NYG,NYG,CAR,,,,,,TE/FLEX
65523-72705,TE,John,John Bates,Bates,1.2000000476837158,1,4200,WAS@GB,WAS,GB,,,,,,TE/FLEX
65523-14348,TE,Lee,Lee Smith,Smith,4.700000127156575,3,4200,ATL@MIA,ATL,MIA,,,,,,TE/FLEX
65523-79967,TE,Adam,Adam Shaheen,Shaheen,1.25,2,4200,ATL@MIA,MIA,ATL,Q,Knee,,,,TE/FLEX
65523-80011,TE,Antony,Antony Auclair,Auclair,7.599999904632568,1,4200,HOU@ARI,HOU,ARI,,,,,,TE/FLEX
65523-12537,D,Las Vegas,Las Vegas Raiders,Raiders,5.5,6,4200,PHI@LV,LV,PHI,,,,,,DEF
65523-60791,TE,Tommy,Tommy Hudson,Hudson,1.5333333015441895,3,4200,KC@TEN,TEN,KC,IR,Ankle,,,,TE/FLEX
65523-63907,TE,Josh,Josh Oliver,Oliver,0.9166666666666666,6,4200,CIN@BAL,BAL,CIN,,,,,,TE/FLEX
65523-61112,TE,Josiah,Josiah Deguara,Deguara,0.8999999761581421,2,4200,WAS@GB,GB,WAS,,,,,,TE/FLEX
65523-27403,TE,Blake,Blake Bell,Bell,1.375,4,4200,KC@TEN,KC,TEN,Q,Back,,,,TE/FLEX
65523-104421,TE,Jesper,Jesper Horsted,Horsted,6.699999809265137,1,4200,CHI@TB,CHI,TB,,,,,,TE/FLEX
65523-28694,TE,Jesse,Jesse James,James,2.6583333015441895,12,4100,CHI@TB,CHI,TB,,,,,,TE/FLEX
65523-70705,TE,Trevon,Trevon Wesco,Wesco,0,1,4100,NYJ@NE,NYJ,NE,,,,,,TE/FLEX
65523-12533,D,Green Bay,Green Bay Packers,Packers,5,6,4100,WAS@GB,GB,WAS,,,,,,DEF
65523-73089,TE,Devin,Devin Asiasi,Asiasi,2.1799999237060548,5,4100,NYJ@NE,NE,NYJ,,,,,,TE/FLEX
65523-56711,TE,Drew,Drew Sample,Sample,0.949999988079071,2,4100,CIN@BAL,CIN,BAL,,,,,,TE/FLEX
65523-38301,TE,Darren,Darren Fells,Fells,2.5999999046325684,2,4100,DET@LAR,DET,LAR,,,,,,TE/FLEX
65523-40371,TE,Johnny,Johnny Mundt,Mundt,1.399999976158142,1,4100,DET@LAR,LAR,DET,Q,Knee,,,,TE/FLEX
65523-41469,TE,Darrell,Darrell Daniels,Daniels,0,1,4100,HOU@ARI,ARI,HOU,Q,Hamstring,,,,TE/FLEX
65523-68155,TE,Codey,Codey McElroy,McElroy,0.25,2,4100,CHI@TB,TB,CHI,,,,,,TE/FLEX
65523-38722,TE,Cethan,Cethan Carter,Carter,1.2999999523162842,2,4100,ATL@MIA,MIA,ATL,,,,,,TE/FLEX
65523-19342,TE,Demetrius,Demetrius Harris,Harris,0,2,4100,HOU@ARI,ARI,HOU,,,,,,TE/FLEX
65523-93143,TE,Noah,Noah Gray,Gray,0.5,2,4100,KC@TEN,KC,TEN,,,,,,TE/FLEX
65523-70658,TE,Cary,Cary Angeline,Angeline,,,4000,PHI@LV,PHI,LV,,,,,,TE/FLEX
65523-27672,TE,Matt,Matt LaCosse,LaCosse,0,1,4000,NYJ@NE,NE,NYJ,,,,,,TE/FLEX
65523-29725,TE,Levine,Levine Toilolo,Toilolo,1.1833333174387615,6,4000,CAR@NYG,NYG,CAR,IR,Achilles,,,,TE/FLEX
65523-137249,TE,Briley,Briley Moore-McKinney,Moore-McKinney,,,4000,KC@TEN,TEN,KC,IR,Knee - acl,,,,TE/FLEX
65523-62510,TE,Nick,Nick Boyle,Boyle,3.3666665818956165,9,4000,CIN@BAL,BAL,CIN,IR,Knee - mcl,,,,TE/FLEX
65523-59455,TE,Sammis,Sammis Reyes,Reyes,,,4000,WAS@GB,WAS,GB,,,,,,TE/FLEX
65523-30787,TE,Alex,Alex Ellis,Ellis,0,1,4000,PHI@LV,LV,PHI,,,,,,TE/FLEX
65523-65607,TE,Jacob,Jacob Harris,Harris,,,4000,DET@LAR,LAR,DET,,,,,,TE/FLEX
65523-63565,TE,Jake,Jake Breeland,Breeland,0,1,4000,CIN@BAL,BAL,CIN,Q,Knee - acl,,,,TE/FLEX
65523-30800,TE,Jason,Jason Croom,Croom,6.800000190734863,1,4000,PHI@LV,PHI,LV,IR,Knee,,,,TE/FLEX
65523-71767,TE,Caleb,Caleb Wilson,Wilson,0,1,4000,WAS@GB,WAS,GB,,,,,,TE/FLEX
65523-42077,TE,James,James Winchester,Winchester,,,4000,KC@TEN,KC,TEN,,,,,,TE/FLEX
65523-58499,TE,Parker,Parker Hesse,Hesse,0,1,4000,ATL@MIA,ATL,MIA,,,,,,TE/FLEX
65523-86178,TE,Dominique,Dominique Dafney,Dafney,2.4000000953674316,4,4000,WAS@GB,GB,WAS,IR,Hip,,,,TE/FLEX
65523-32957,TE,Eric,Eric Tomlinson,Tomlinson,0,2,4000,CIN@BAL,BAL,CIN,,,,,,TE/FLEX
65523-9409,TE,Clark,Clark Harris,Harris,0,1,4000,CIN@BAL,CIN,BAL,,,,,,TE/FLEX
65523-65737,TE,Sam,Sam Tecklenburg,Tecklenburg,0,2,4000,CAR@NYG,CAR,NYG,,,,,,TE/FLEX
65523-63697,TE,Brycen,Brycen Hopkins,Hopkins,0,2,4000,DET@LAR,LAR,DET,,,,,,TE/FLEX
65523-149727,TE,Bernhard,Bernhard Seikovits,Seikovits,,,4000,HOU@ARI,ARI,HOU,,,,,,TE/FLEX
65523-52461,TE,Carson,Carson Meier,Meier,0,1,4000,ATL@MIA,MIA,ATL,,,,,,TE/FLEX
65523-64762,TE,Nakia,Nakia Griffin-Stewart,Griffin-Stewart,,,4000,CAR@NYG,NYG,CAR,,,,,,TE/FLEX
65523-12539,D,Miami,Miami Dolphins,Dolphins,3.8333333333333335,6,4000,ATL@MIA,MIA,ATL,,,,,,DEF
65523-62718,TE,Daniel,Daniel Brown,Brown,1.024999976158142,4,4000,NYJ@NE,NYJ,NE,,,,,,TE/FLEX
65523-60699,TE,Kalif,Kalif Jackson,Jackson,,,4000,ATL@MIA,MIA,ATL,,,,,,TE/FLEX
65523-68895,TE,Bruno,Bruno Labelle,Labelle,,,4000,HOU@ARI,ARI,HOU,Q,Undisclosed,,,,TE/FLEX
65523-90398,TE,Matt,Matt Bushman,Bushman,,,4000,PHI@LV,LV,PHI,,,,,,TE/FLEX
65523-66857,TE,Jibri,Jibri Blount,Blount,,,4000,ATL@MIA,MIA,ATL,,,,,,TE/FLEX
65523-64833,TE,Alize,Alize Mack,Mack,,,4000,DET@LAR,DET,LAR,,,,,,TE/FLEX
65523-149827,TE,Nick,Nick Guggemos,Guggemos,,,4000,WAS@GB,WAS,GB,,,,,,TE/FLEX
65523-149832,TE,Shane,Shane Zylstra,Zylstra,,,4000,DET@LAR,DET,LAR,,,,,,TE/FLEX
65523-64864,TE,Noah,Noah Togiai,Togiai,0,2,4000,PHI@LV,PHI,LV,,,,,,TE/FLEX
65523-25957,TE,J.P.,J.P. Holtz,Holtz,0,7,4000,CHI@TB,CHI,TB,Q,Quadriceps,,,,TE/FLEX
65523-22920,TE,Derek,Derek Carrier,Carrier,2.299999952316284,1,4000,PHI@LV,LV,PHI,IR,Pectoral,,,,TE/FLEX
65523-71048,TE,Thaddeus,Thaddeus Moss,Moss,0,1,4000,CIN@BAL,CIN,BAL,O,Head,,,,TE/FLEX
65523-97672,TE,Carson,Carson Williams,Williams,,,4000,PHI@LV,LV,PHI,,,,,,TE/FLEX
65523-94609,TE,Pro,Pro Wells,Wells,,,4000,CIN@BAL,CIN,BAL,,,,,,TE/FLEX
65523-73147,TE,Nick,Nick Eubanks,Eubanks,,,4000,PHI@LV,PHI,LV,,,,,,TE/FLEX
65523-47551,TE,Mason,Mason Schreck,Schreck,0,2,4000,CIN@BAL,CIN,BAL,,,,,,TE/FLEX
65523-69069,TE,Tony,Tony Poljan,Poljan,,,4000,CIN@BAL,BAL,CIN,,,,,,TE/FLEX
65523-73172,TE,Jake,Jake Hausmann,Hausmann,,,4000,CAR@NYG,NYG,CAR,,,,,,TE/FLEX
65523-84440,TE,Jaeden,Jaeden Graham,Graham,0.6666666666666666,6,4000,ATL@MIA,ATL,MIA,IR,Knee,,,,TE/FLEX
65523-62981,TE,Eli,Eli Wolf,Wolf,0,1,4000,CIN@BAL,BAL,CIN,,,,,,TE/FLEX
65523-62998,TE,Jace,Jace Sternberger,Sternberger,2.924999952316284,8,4000,WAS@GB,WAS,GB,,,,,,TE/FLEX
65523-14895,TE,Patrick,Patrick Scales,Scales,0,2,4000,CHI@TB,CHI,TB,,,,,,TE/FLEX
65523-46644,TE,Paul,Paul Quessenberry,Quessenberry,0,1,4000,HOU@ARI,HOU,ARI,,,,,,TE/FLEX
65523-60981,TE,Charlie,Charlie Heck,Heck,0.800000011920929,1,4000,HOU@ARI,HOU,ARI,,,,,,TE/FLEX
65523-30272,TE,Colin,Colin Thompson,Thompson,2.3999999364217124,3,4000,CAR@NYG,CAR,NYG,,,,,,TE/FLEX
65523-41552,TE,Dylan,Dylan Cantrell,Cantrell,0,2,4000,WAS@GB,WAS,GB,IR,Undisclosed,,,,TE/FLEX
65523-104019,TE,Matt,Matt Orzech,Orzech,0,1,4000,DET@LAR,LAR,DET,,,,,,TE/FLEX
65523-55895,TE,Kendall,Kendall Blanton,Blanton,0,2,4000,DET@LAR,LAR,DET,,,,,,TE/FLEX
65523-64088,TE,Cheyenne,Cheyenne O'Grady,O'Grady,,,4000,CIN@BAL,CIN,BAL,,,,,,TE/FLEX
65523-56947,TE,Chris,Chris Myarick,Myarick,0,1,4000,CAR@NYG,NYG,CAR,,,,,,TE/FLEX
65523-38528,TE,Tyrone,Tyrone Swoopes,Swoopes,0,1,4000,WAS@GB,WAS,GB,IR,Undisclosed,,,,TE/FLEX
65523-87690,TE,Sal,Sal Cannella,Cannella,,,4000,ATL@MIA,MIA,ATL,,,,,,TE/FLEX
65523-65182,TE,Mitchell,Mitchell Wilcox,Wilcox,0,1,4000,CIN@BAL,CIN,BAL,,,,,,TE/FLEX
65523-47788,TE,Deon,Deon Yelder,Yelder,1.1833333174387615,6,4000,CHI@TB,TB,CHI,,,,,,TE/FLEX
65523-62127,TE,Cole,Cole Hikutini,Hikutini,0,1,4000,CAR@NYG,NYG,CAR,Q,Hip,,,,TE/FLEX
65523-28346,TE,Maxx,Maxx Williams,Williams,6.659999847412109,5,4000,HOU@ARI,ARI,HOU,IR,Knee,,,,TE/FLEX
65523-70342,TE,Temarrick,Temarrick Hemingway,Hemingway,0.5,3,4000,WAS@GB,WAS,GB,,,,,,TE/FLEX
65523-16078,TE,Ross,Ross Travis,Travis,0,1,4000,HOU@ARI,ARI,HOU,,,,,,TE/FLEX
65523-29390,TE,Evan,Evan Baylis,Baylis,0,2,4000,KC@TEN,KC,TEN,Q,Ankle,,,,TE/FLEX
65523-69326,TE,Isaac,Isaac Nauta,Nauta,0.26666667064030963,3,4000,WAS@GB,GB,WAS,Q,Undisclosed,,,,TE/FLEX
65523-63189,TE,Hunter,Hunter Thedford,Thedford,,,4000,DET@LAR,DET,LAR,,,,,,TE/FLEX
65523-86770,TE,Hunter,Hunter Bryant,Bryant,1.6333333651224773,3,4000,DET@LAR,DET,LAR,IR,Undisclosed,,,,TE/FLEX
65523-61172,TE,Tyler,Tyler Davis,Davis,0,2,4000,WAS@GB,GB,WAS,,,,,,TE/FLEX
65523-54011,TE,Austin,Austin Fort,Fort,0,1,4000,KC@TEN,TEN,KC,,,,,,TE/FLEX
65523-95999,TE,Charlie,Charlie Taumoepeau,Taumoepeau,0,1,4000,DET@LAR,DET,LAR,IR,Neck,,,,TE/FLEX
65523-65318,TE,Daniel,Daniel Crawford,Crawford,,,4000,WAS@GB,GB,WAS,,,,,,TE/FLEX
65523-40746,TE,Troy,Troy Fumagalli,Fumagalli,2.5714285714285716,7,4000,NYJ@NE,NE,NYJ,IR,Undisclosed,,,,TE/FLEX
65523-69451,TE,Jack,Jack Stoll,Stoll,0,1,4000,PHI@LV,PHI,LV,,,,,,TE/FLEX
65523-58189,TE,Mitchell,Mitchell Fraboni,Fraboni,,,4000,HOU@ARI,HOU,ARI,,,,,,TE/FLEX
65523-63321,TE,Rashod,Rashod Berry,Berry,0,1,4000,DET@LAR,DET,LAR,,,,,,TE/FLEX
65523-66402,TE,Jack,Jack Driscoll,Driscoll,0,1,4000,PHI@LV,PHI,LV,,,,,,TE/FLEX
65523-94094,TE,Brevin,Brevin Jordan,Jordan,,,4000,HOU@ARI,HOU,ARI,,,,,,TE/FLEX
65523-93075,TE,Hunter,Hunter Long,Long,0,1,4000,ATL@MIA,MIA,ATL,,,,,,TE/FLEX
65523-64408,TE,Nick,Nick Bowers,Bowers,,,4000,PHI@LV,LV,PHI,,,,,,TE/FLEX
65523-91046,TE,Brock,Brock Wright,Wright,,,4000,DET@LAR,DET,LAR,,,,,,TE/FLEX
65523-30654,TE,Jerell,Jerell Adams,Adams,0,1,4000,CHI@TB,TB,CHI,,,,,,TE/FLEX
65523-65477,TE,Giovanni,Giovanni Ricci,Ricci,0,2,4000,CAR@NYG,CAR,NYG,,,,,,TE/FLEX
65523-70604,TE,John,John Raine,Raine,,,4000,ATL@MIA,ATL,MIA,,,,,,TE/FLEX
65523-72665,TE,Kenny,Kenny Yeboah,Yeboah,,,4000,NYJ@NE,NYJ,NE,,,,,,TE/FLEX
65523-85994,TE,Dalton,Dalton Keene,Keene,0.7749999761581421,4,4000,NYJ@NE,NE,NYJ,IR,Knee - meniscus,,,,TE/FLEX
65523-71673,TE,Scooter,Scooter Harrington,Harrington,,,4000,CHI@TB,CHI,TB,,,,,,TE/FLEX
65523-104447,TE,Jody,Jody Fortson,Fortson,4.800000190734863,4,4000,KC@TEN,KC,TEN,O,Achilles,,,,TE/FLEX
65523-12525,D,Atlanta,Atlanta Falcons,Falcons,2.2,5,3900,ATL@MIA,ATL,MIA,,,,,,DEF
65523-12552,D,Washington,Washington Football Team,Football Team,4.166666666666667,6,3800,WAS@GB,WAS,GB,,,,,,DEF
65523-12527,D,Chicago,Chicago Bears,Bears,7.666666666666667,6,3700,CHI@TB,CHI,TB,,,,,,DEF
65523-12543,D,New York,New York Giants,Giants,3,6,3600,CAR@NYG,NYG,CAR,,,,,,DEF
65523-12528,D,Cincinnati,Cincinnati Bengals,Bengals,5.833333333333333,6,3500,CIN@BAL,CIN,BAL,,,,,,DEF
65523-12545,D,Philadelphia,Philadelphia Eagles,Eagles,5.166666666666667,6,3500,PHI@LV,PHI,LV,,,,,,DEF
65523-12536,D,Kansas City,Kansas City Chiefs,Chiefs,3.5,6,3400,KC@TEN,KC,TEN,,,,,,DEF
65523-12544,D,New York,New York Jets,Jets,4.4,5,3300,NYJ@NE,NYJ,NE,,,,,,DEF
65523-12534,D,Tennessee,Tennessee Titans,Titans,4.2,5,3200,KC@TEN,TEN,KC,,,,,,DEF
65523-12532,D,Detroit,Detroit Lions,Lions,3.3333333333333335,6,3100,DET@LAR,DET,LAR,,,,,,DEF
65523-12556,D,Houston,Houston Texans,Texans,3.3333333333333335,6,3000,HOU@ARI,HOU,ARI,,,,,,DEF