Id,Position,First Name,Nickname,Last Name,FPPG,Played,Salary,Game,Team,Opponent,Injury Indicator,Injury Details,Tier,,,Roster Position
69306-79970,WR,Cooper,Cooper Kupp,Kupp,21.69333292643229,15,10200,LAR@BAL,LAR,BAL,,,,,,WR/FLEX
69306-89675,RB,Jonathan,Jonathan Taylor,Taylor,21.613334147135415,15,10000,LV@IND,IND,LV,,,,,,RB/FLEX
69306-42104,RB,Alvin,Alvin Kamara,Kamara,15.954545454545455,11,9200,CAR@NO,NO,CAR,,,,,,RB/FLEX
69306-80001,RB,Austin,Austin Ekeler,Ekeler,18.83571515764509,14,9000,DEN@LAC,LAC,DEN,,,,,,RB/FLEX
69306-56018,WR,Deebo,Deebo Samuel,Samuel,18.41428484235491,14,9000,HOU@SF,SF,HOU,,,,,,WR/FLEX
69306-62239,QB,Josh,Josh Allen,Allen,24.654667154947916,15,8800,ATL@BUF,BUF,ATL,,,,,,QB
69306-52436,TE,Mark,Mark Andrews,Andrews,14.879999796549479,15,8700,LAR@BAL,BAL,LAR,,,,,,TE/FLEX
69306-57439,QB,Patrick,Patrick Mahomes,Mahomes,21.84000040690104,15,8500,KC@CIN,KC,CIN,,,,,,QB
69306-52442,RB,Joe,Joe Mixon,Mixon,16.986666870117187,15,8500,KC@CIN,CIN,KC,,,,,,RB/FLEX
69306-11612,WR,Antonio,Antonio Brown,Brown,16,6,8500,TB@NYJ,TB,NYJ,,,,,,WR/FLEX
69306-6498,QB,Tom,Tom Brady,Brady,22.286665852864584,15,8300,TB@NYJ,TB,NYJ,,,,,,QB
69306-33076,TE,Travis,Travis Kelce,Kelce,13.892857142857142,14,8200,KC@CIN,KC,CIN,Q,Undisclosed,,,,TE/FLEX
69306-53681,WR,Tyreek,Tyreek Hill,Hill,15.540000406901042,15,8200,KC@CIN,KC,CIN,,,,,,WR/FLEX
69306-69189,QB,Justin,Justin Herbert,Herbert,23.310666910807292,15,8200,DEN@LAC,LAC,DEN,,,,,,QB
69306-63484,QB,Kyler,Kyler Murray,Murray,22.53833262125651,12,8200,ARI@DAL,ARI,DAL,,,,,,QB
69306-25079,WR,Stefon,Stefon Diggs,Diggs,13.846666463216145,15,8000,ATL@BUF,BUF,ATL,,,,,,WR/FLEX
69306-69531,QB,Jalen,Jalen Hurts,Hurts,22.014286586216517,14,7900,PHI@WAS,PHI,WAS,,,,,,QB
69306-92413,RB,Eli,Eli Mitchell,Mitchell,14.11111111111111,9,7800,HOU@SF,SF,HOU,Q,Knee,,,,RB/FLEX
69306-63115,QB,Lamar,Lamar Jackson,Jackson,21.081666310628254,12,7800,LAR@BAL,BAL,LAR,Q,Ankle,,,,QB
69306-45565,QB,Taysom,Taysom Hill,Hill,9.726000213623047,10,7700,CAR@NO,NO,CAR,IR,Illness,,,,QB
69306-91598,RB,D'Andre,D'Andre Swift,Swift,14.581817626953125,11,7700,DET@SEA,DET,SEA,Q,Shoulder - ac joint,,,,RB/FLEX
69306-32384,WR,Mike,Mike Evans,Evans,13.492856706891741,14,7700,TB@NYJ,TB,NYJ,IR,Undisclosed,,,,WR/FLEX
69306-63336,QB,Joe,Joe Burrow,Burrow,19.559999593098958,15,7700,KC@CIN,CIN,KC,,,,,,QB
69306-6654,QB,Matthew,Matthew Stafford,Stafford,20.73066609700521,15,7600,LAR@BAL,LAR,BAL,,,,,,QB
69306-85701,WR,Ja'Marr,Ja'Marr Chase,Chase,14.026666259765625,15,7600,KC@CIN,CIN,KC,,,,,,WR/FLEX
69306-70051,QB,Tyler,Tyler Huntley,Huntley,13.10399932861328,5,7500,LAR@BAL,BAL,LAR,IR,Illness,,,,QB
69306-72846,WR,A.J.,A.J. Brown,Brown,11.772727272727273,11,7500,MIA@TEN,TEN,MIA,,,,,,WR/FLEX
69306-38791,RB,Ezekiel,Ezekiel Elliott,Elliott,14.37066650390625,15,7500,ARI@DAL,DAL,ARI,,,,,,RB/FLEX
69306-31716,QB,Dak,Dak Prescott,Prescott,19.694285801478795,14,7400,ARI@DAL,DAL,ARI,,,,,,QB
69306-64576,RB,Damien,Damien Harris,Harris,12.969231238731972,13,7400,JAC@NE,NE,JAC,,,,,,RB/FLEX
69306-29253,WR,Keenan,Keenan Allen,Allen,13.157142639160156,14,7300,DEN@LAC,LAC,DEN,,,,,,WR/FLEX
69306-39793,TE,George,George Kittle,Kittle,12.916666666666666,12,7300,HOU@SF,SF,HOU,,,,,,TE/FLEX
69306-21948,QB,Ryan,Ryan Tannehill,Tannehill,16.105333455403645,15,7300,MIA@TEN,TEN,MIA,,,,,,QB
69306-22015,QB,Russell,Russell Wilson,Wilson,16.330000559488933,12,7300,DET@SEA,SEA,DET,,,,,,QB
69306-86631,WR,CeeDee,CeeDee Lamb,Lamb,12.942856924874443,14,7200,ARI@DAL,DAL,ARI,,,,,,WR/FLEX
69306-73273,RB,David,David Montgomery,Montgomery,13.272727272727273,11,7200,NYG@CHI,CHI,NYG,,,,,,RB/FLEX
69306-53640,RB,Sony,Sony Michel,Michel,7.533333333333333,15,7100,LAR@BAL,LAR,BAL,,,,,,RB/FLEX
69306-27050,WR,Tyler,Tyler Lockett,Lockett,12.12857164655413,14,7100,DET@SEA,SEA,DET,,,,,,WR/FLEX
69306-70157,RB,Darrell,Darrell Henderson Jr.,Henderson Jr.,12.408332824707031,12,7100,LAR@BAL,LAR,BAL,IR,Knee - mcl,,,,RB/FLEX
69306-54604,QB,Jimmy,Jimmy Garoppolo,Garoppolo,16.054285321916854,14,7100,HOU@SF,SF,HOU,Q,Thumb,,,,QB
69306-63591,RB,Ronald,Ronald Jones II,Jones II,5.071428571428571,14,7000,TB@NYJ,TB,NYJ,,,,,,RB/FLEX
69306-90573,WR,Jaylen,Jaylen Waddle,Waddle,12.599999564034599,14,7000,MIA@TEN,MIA,TEN,,,,,,WR/FLEX
69306-70324,QB,Carson,Carson Wentz,Wentz,16.133333333333333,15,7000,LV@IND,IND,LV,IR,Undisclosed,,,,QB
69306-56250,WR,Terry,Terry McLaurin,McLaurin,10.273333740234374,15,7000,PHI@WAS,WAS,PHI,,,,,,WR/FLEX
69306-64555,WR,Calvin,Calvin Ridley,Ridley,11.11999969482422,5,7000,ATL@BUF,ATL,BUF,IR,Personal,,,,WR/FLEX
69306-91591,QB,Justin,Justin Fields,Fields,11.40000025431315,12,7000,NYG@CHI,CHI,NYG,Q,Ankle,,,,QB
69306-52922,RB,Leonard,Leonard Fournette,Fournette,15.792857578822545,14,7000,TB@NYJ,TB,NYJ,IR,Hamstring,,,,RB/FLEX
69306-89981,WR,Tee,Tee Higgins,Higgins,13.415384145883413,13,7000,KC@CIN,CIN,KC,,,,,,WR/FLEX
69306-53331,QB,Taylor,Taylor Heinicke,Heinicke,15.855713980538505,14,6900,PHI@WAS,WAS,PHI,,,,,,QB
69306-57840,RB,Rashaad,Rashaad Penny,Penny,7.775000095367432,8,6900,DET@SEA,SEA,DET,,,,,,RB/FLEX
69306-57986,WR,Hunter,Hunter Renfrow,Renfrow,11.706667073567708,15,6900,LV@IND,LV,IND,,,,,,WR/FLEX
69306-45859,QB,Derek,Derek Carr,Carr,16.227999877929687,15,6900,LV@IND,LV,IND,Q,Ribs,,,,QB
69306-86997,WR,Amon-Ra,Amon-Ra St. Brown,St. Brown,9.200000217982701,14,6900,DET@SEA,DET,SEA,,,,,,WR/FLEX
69306-90584,QB,Mac,Mac Jones,Jones,13.58800048828125,15,6800,JAC@NE,NE,JAC,,,,,,QB
69306-90933,RB,Antonio,Antonio Gibson,Gibson,12.433333333333334,15,6800,PHI@WAS,WAS,PHI,,,,,,RB/FLEX
69306-30733,RB,Cordarrelle,Cordarrelle Patterson,Patterson,14.335714067731585,14,6700,ATL@BUF,ATL,BUF,,,,,,RB/FLEX
69306-55552,RB,Jeff,Jeff Wilson Jr.,Wilson Jr.,8,6,6700,HOU@SF,SF,HOU,,,,,,RB/FLEX
69306-31001,WR,Amari,Amari Cooper,Cooper,11.446154080904448,13,6700,ARI@DAL,DAL,ARI,,,,,,WR/FLEX
69306-90572,QB,Tua,Tua Tagovailoa,Tagovailoa,15.76909151944247,11,6700,MIA@TEN,MIA,TEN,,,,,,QB
69306-11460,TE,Rob,Rob Gronkowski,Gronkowski,11.15,10,6700,TB@NYJ,TB,NYJ,,,,,,TE/FLEX
69306-38435,QB,Jared,Jared Goff,Goff,14.229230440579927,13,6700,DET@SEA,DET,SEA,,,,,,QB
69306-40687,RB,James,James Conner,Conner,15.349999564034599,14,6700,ARI@DAL,ARI,DAL,Q,Heel,,,,RB/FLEX
69306-28434,QB,Trevor,Trevor Siemian,Siemian,16.48399963378906,5,6700,CAR@NO,NO,CAR,IR,Illness,,,,QB
69306-63589,QB,Sam,Sam Darnold,Darnold,15.163999938964844,10,6600,CAR@NO,CAR,NO,,,,,,QB
69306-6616,QB,Matt,Matt Ryan,Ryan,14.433333333333334,15,6600,ATL@BUF,ATL,BUF,,,,,,QB
69306-64401,RB,Saquon,Saquon Barkley,Barkley,10.136363636363637,11,6600,NYG@CHI,NYG,CHI,,,,,,RB/FLEX
69306-39829,WR,Mike,Mike Williams,Williams,12.314285278320312,14,6600,DEN@LAC,LAC,DEN,IR,Illness,,,,WR/FLEX
69306-72731,RB,Josh,Josh Jacobs,Jacobs,12.430769700270433,13,6600,LV@IND,LV,IND,,,,,,RB/FLEX
69306-73048,WR,DK,DK Metcalf,Metcalf,11.373333740234376,15,6600,DET@SEA,SEA,DET,,,,,,WR/FLEX
69306-14185,QB,Cam,Cam Newton,Newton,15.143333435058594,6,6600,CAR@NO,CAR,NO,,,,,,QB
69306-90406,QB,Zach,Zach Wilson,Wilson,12.692726828835227,11,6500,TB@NYJ,NYJ,TB,,,,,,QB
69306-25011,TE,Darren,Darren Waller,Waller,10.280000305175781,10,6500,LV@IND,LV,IND,Q,Knee,,,,TE/FLEX
69306-33259,QB,Teddy,Teddy Bridgewater,Bridgewater,14.977142333984375,14,6500,DEN@LAC,DEN,LAC,Q,Concussion,,,,QB
69306-64051,QB,Drew,Drew Lock,Lock,4,4,6500,DEN@LAC,DEN,LAC,,,,,,QB
69306-31360,WR,Odell,Odell Beckham Jr.,Beckham Jr.,7.658333460489909,12,6500,LAR@BAL,LAR,BAL,,,,,,WR/FLEX
69306-29501,WR,Brandin,Brandin Cooks,Cooks,11.900000435965401,14,6500,HOU@SF,HOU,SF,IR,Illness,,,,WR/FLEX
69306-83081,RB,Chase,Chase Edmonds,Edmonds,10.099999861283736,11,6500,ARI@DAL,ARI,DAL,,,,,,RB/FLEX
69306-69213,WR,Michael,Michael Pittman Jr.,Pittman Jr.,11.3,15,6500,LV@IND,IND,LV,,,,,,WR/FLEX
69306-8023,QB,Josh,Josh Johnson,Johnson,12.079999923706055,4,6500,LAR@BAL,BAL,LAR,,,,,,QB
69306-89951,QB,Trevor,Trevor Lawrence,Lawrence,12.473333740234375,15,6500,JAC@NE,JAC,NE,,,,,,QB
69306-55165,RB,Justin,Justin Jackson,Jackson,5.9636362249201,11,6500,DEN@LAC,LAC,DEN,,,,,,RB/FLEX
69306-149696,QB,Trey,Trey Lance,Lance,9.372000122070313,5,6400,HOU@SF,SF,HOU,,,,,,QB
69306-60858,WR,Christian,Christian Kirk,Kirk,10.194666544596354,15,6400,ARI@DAL,ARI,DAL,,,,,,WR/FLEX
69306-89628,QB,Davis,Davis Mills,Mills,11.80000027743253,11,6400,HOU@SF,HOU,SF,,,,,,QB
69306-63043,WR,DJ,DJ Moore,Moore,11.540000406901042,15,6400,CAR@NO,CAR,NO,,,,,,WR/FLEX
69306-71845,RB,Miles,Miles Sanders,Sanders,8.683333079020182,12,6300,PHI@WAS,PHI,WAS,O,Hand,,,,RB/FLEX
69306-86687,WR,Marquise,Marquise Brown,Brown,12.450000217982701,14,6300,LAR@BAL,BAL,LAR,,,,,,WR/FLEX
69306-22027,QB,Nick,Nick Foles,Foles,16.799999237060547,1,6300,NYG@CHI,CHI,NYG,,,,,,QB
69306-14225,QB,Andy,Andy Dalton,Dalton,10.696666717529297,6,6300,NYG@CHI,CHI,NYG,Q,Hand,,,,QB
69306-63759,RB,Tony,Tony Pollard,Pollard,9.700000217982701,14,6200,ARI@DAL,DAL,ARI,,,,,,RB/FLEX
69306-61798,QB,Gardner,Gardner Minshew II,Minshew II,9.609999656677246,2,6200,PHI@WAS,PHI,WAS,,,,,,QB
69306-29358,QB,Marcus,Marcus Mariota,Mariota,2.160000038146973,5,6200,LV@IND,LV,IND,IR,Illness,,,,QB
69306-25410,QB,Mike,Mike Glennon,Glennon,8.927999877929688,5,6200,NYG@CHI,NYG,CHI,,,,,,QB
69306-41827,QB,P.J.,P.J. Walker,Walker,3.3560001373291017,5,6200,CAR@NO,CAR,NO,,,,,,QB
69306-64585,TE,Dawson,Dawson Knox,Knox,10.215384850135216,13,6200,ATL@BUF,BUF,ATL,,,,,,TE/FLEX
69306-32158,QB,Garrett,Garrett Gilbert,Gilbert,7.760000228881836,1,6200,PHI@WAS,WAS,PHI,,,,,,QB
69306-73118,QB,Ian,Ian Book,Book,4,1,6200,CAR@NO,NO,CAR,,,,,,QB
69306-91639,QB,Jake,Jake Fromm,Fromm,2.240000009536743,2,6200,NYG@CHI,NYG,CHI,,,,,,QB
69306-30231,QB,Jacoby,Jacoby Brissett,Brissett,7.631999969482422,10,6200,MIA@TEN,MIA,TEN,,,,,,QB
69306-40482,QB,Tim,Tim Boyle,Boyle,5.78000020980835,2,6200,DET@SEA,DET,SEA,,,,,,QB
69306-52897,RB,Darrel,Darrel Williams,Williams,9.473333740234375,15,6200,KC@CIN,KC,CIN,,,,,,RB/FLEX
69306-44715,QB,Cooper,Cooper Rush,Rush,8.359999974568685,3,6200,ARI@DAL,DAL,ARI,,,,,,QB
69306-40669,WR,Tyler,Tyler Boyd,Boyd,9.249333699544271,15,6200,KC@CIN,CIN,KC,,,,,,WR/FLEX
69306-85741,RB,Clyde,Clyde Edwards-Helaire,Edwards-Helaire,10.80999984741211,10,6200,KC@CIN,KC,CIN,Q,Shoulder,,,,RB/FLEX
69306-53095,QB,Kyle,Kyle Allen,Allen,3.950000047683716,2,6200,PHI@WAS,WAS,PHI,,,,,,QB
69306-14377,QB,Tyrod,Tyrod Taylor,Taylor,14.456666310628256,6,6100,HOU@SF,HOU,SF,,,,,,QB
69306-28900,RB,Melvin,Melvin Gordon III,Gordon III,11.164285932268415,14,6100,DEN@LAC,DEN,LAC,,,,,,RB/FLEX
69306-31170,QB,Brandon,Brandon Allen,Allen,1.3733332951863606,3,6100,KC@CIN,CIN,KC,IR,Illness,,,,QB
69306-90576,WR,DeVonta,DeVonta Smith,Smith,9.406667073567709,15,6100,PHI@WAS,PHI,WAS,,,,,,WR/FLEX
69306-6714,QB,Joe,Joe Flacco,Flacco,11.90999984741211,2,6100,TB@NYJ,NYJ,TB,IR,Illness,,,,QB
69306-8803,QB,Chase,Chase Daniel,Daniel,-0.20000000298023224,1,6100,DEN@LAC,LAC,DEN,IR,Illness,,,,QB
69306-56192,QB,John,John Wolford,Wolford,-0.44999998807907104,2,6100,LAR@BAL,LAR,BAL,,,,,,QB
69306-29915,QB,Brett,Brett Hundley,Hundley,0,2,6100,LV@IND,IND,LV,,,,,,QB
69306-11500,QB,Colt,Colt McCoy,McCoy,6.0428570338657925,7,6100,ARI@DAL,ARI,DAL,,,,,,QB
69306-27986,QB,C.J.,C.J. Beathard,Beathard,0.7599999904632568,2,6100,JAC@NE,JAC,NE,,,,,,QB
69306-93541,RB,Javonte,Javonte Williams,Williams,11.486666870117187,15,6100,DEN@LAC,DEN,LAC,,,,,,RB/FLEX
69306-40534,QB,Mike,Mike White,White,13.005000114440918,4,6100,TB@NYJ,NYJ,TB,,,,,,QB
69306-7844,QB,Chad,Chad Henne,Henne,0.8199999928474426,4,6100,KC@CIN,KC,CIN,,,,,,QB
69306-52916,WR,Russell,Russell Gage,Gage,9.127272865988992,11,6100,ATL@BUF,ATL,BUF,,,,,,WR/FLEX
69306-7872,QB,Brian,Brian Hoyer,Hoyer,2.4149999618530273,4,6100,JAC@NE,NE,JAC,,,,,,QB
69306-38628,QB,Mitchell,Mitchell Trubisky,Trubisky,2.2049999237060547,4,6100,ATL@BUF,BUF,ATL,,,,,,QB
69306-26483,QB,Geno,Geno Smith,Smith,13.819999694824219,4,6100,DET@SEA,SEA,DET,,,,,,QB
69306-63519,QB,Daniel,Daniel Jones,Jones,15.82000038840554,11,6000,NYG@CHI,NYG,CHI,IR,Neck,,,,QB
69306-30761,QB,Nathan,Nathan Peterman,Peterman,0.20000000298023224,1,6000,LV@IND,LV,IND,,,,,,QB
69306-86080,TE,Kyle,Kyle Pitts,Pitts,8.859999593098959,15,6000,ATL@BUF,ATL,BUF,,,,,,TE/FLEX
69306-71798,QB,Anthony,Anthony Gordon,Gordon,0,1,6000,DEN@LAC,DEN,LAC,,,,,,QB
69306-63611,QB,Kyle,Kyle Shurmur,Shurmur,,,6000,PHI@WAS,WAS,PHI,,,,,,QB
69306-69777,WR,Darnell,Darnell Mooney,Mooney,9.613333129882813,15,6000,NYG@CHI,CHI,NYG,,,,,,WR/FLEX
69306-57537,QB,DeShone,DeShone Kizer,Kizer,,,6000,MIA@TEN,TEN,MIA,,,,,,QB
69306-69833,QB,Shane,Shane Buechele,Buechele,,,6000,KC@CIN,KC,CIN,,,,,,QB
69306-45259,QB,Logan,Logan Woodside,Woodside,-0.15000000596046448,4,6000,MIA@TEN,TEN,MIA,,,,,,QB
69306-24849,QB,Jameis,Jameis Winston,Winston,17.2000002179827,7,6000,CAR@NO,NO,CAR,IR,Knee - acl,,,,QB
69306-61751,QB,Josh,Josh Thomas,Thomas,,,6000,ATL@BUF,BUF,ATL,,,,,,QB
69306-31047,QB,AJ,AJ McCarron,McCarron,0.4000000059604645,2,6000,ATL@BUF,ATL,BUF,IR,Knee - acl,,,,QB
69306-149889,QB,Kenji,Kenji Bahar,Bahar,,,6000,LAR@BAL,BAL,LAR,,,,,,QB
69306-92560,QB,Sam,Sam Ehlinger,Ehlinger,0.29999999205271405,3,6000,LV@IND,IND,LV,,,,,,QB
69306-43433,RB,Boston,Boston Scott,Scott,7.722222222222222,9,6000,PHI@WAS,PHI,WAS,,,,,,RB/FLEX
69306-63920,QB,Josh,Josh Love,Love,0,2,6000,CAR@NO,CAR,NO,,,,,,QB
69306-88575,WR,Elijah,Elijah Moore,Moore,10.60909063165838,11,6000,TB@NYJ,NYJ,TB,IR,Quadriceps,,,,WR/FLEX
69306-88602,QB,Jordan,Jordan Ta'amu,Ta'amu,,,6000,PHI@WAS,WAS,PHI,,,,,,QB
69306-61982,QB,Tommy,Tommy Stevens,Stevens,2.4000000953674316,1,6000,NYG@CHI,NYG,CHI,,,,,,QB
69306-45631,RB,Jamaal,Jamaal Williams,Williams,8.10909063165838,11,6000,DET@SEA,DET,SEA,,,,,,RB/FLEX
69306-64115,QB,Steven,Steven Montez,Montez,0,1,6000,DET@SEA,DET,SEA,O,Illness,,,,QB
69306-39795,QB,Davis,Davis Webb,Webb,-0.30000001192092896,1,6000,ATL@BUF,BUF,ATL,,,,,,QB
69306-62364,QB,Josh,Josh Rosen,Rosen,-0.41333333651224774,3,6000,ATL@BUF,ATL,BUF,,,,,,QB
69306-29605,QB,Matt,Matt Barkley,Barkley,2.569999933242798,4,6000,CAR@NO,CAR,NO,,,,,,QB
69306-33702,QB,Ryan,Ryan Griffin,Griffin,,,6000,TB@NYJ,TB,NYJ,,,,,,QB
69306-70603,RB,Devin,Devin Singletary,Singletary,8.706667073567708,15,6000,ATL@BUF,BUF,ATL,,,,,,RB/FLEX
69306-56286,QB,Trace,Trace McSorley,McSorley,3.1000000635782876,3,6000,ARI@DAL,ARI,DAL,,,,,,QB
69306-64581,WR,Van,Van Jefferson Jr.,Jefferson Jr.,8.720000203450521,15,6000,LAR@BAL,LAR,BAL,,,,,,WR/FLEX
69306-62566,QB,Travis,Travis Jonsen,Jonsen,,,6000,DET@SEA,DET,SEA,,,,,,QB
69306-52342,QB,Will,Will Grier,Grier,0,2,6000,ARI@DAL,DAL,ARI,,,,,,QB
69306-64637,QB,Brian,Brian Lewerke,Lewerke,0,1,6000,NYG@CHI,NYG,CHI,,,,,,QB
69306-27801,QB,Nate,Nate Sudfeld,Sudfeld,-0.25999999046325684,2,6000,HOU@SF,SF,HOU,,,,,,QB
69306-42142,RB,Jordan,Jordan Howard,Howard,9.816666920979818,6,6000,PHI@WAS,PHI,WAS,Q,Neck,,,,RB/FLEX
69306-130269,QB,Reid,Reid Sinnett,Sinnett,0,1,6000,PHI@WAS,PHI,WAS,,,,,,QB
69306-54507,QB,Alex,Alex McGough,McGough,,,6000,DET@SEA,SEA,DET,,,,,,QB
69306-130334,QB,Jalen,Jalen Morton,Morton,,,6000,LV@IND,IND,LV,,,,,,QB
69306-130337,QB,Case,Case Cookus,Cookus,0,1,6000,LV@IND,LV,IND,,,,,,QB
69306-60787,QB,Bryce,Bryce Perkins,Perkins,0,2,6000,LAR@BAL,LAR,BAL,,,,,,QB
69306-52606,QB,David,David Blough,Blough,0.6000000238418579,1,6000,DET@SEA,DET,SEA,,,,,,QB
69306-103824,QB,Easton,Easton Stick,Stick,-0.03999999910593033,1,6000,DEN@LAC,LAC,DEN,,,,,,QB
69306-60840,QB,Jake,Jake Browning,Browning,,,6000,KC@CIN,CIN,KC,,,,,,QB
69306-7659,QB,Ryan,Ryan Fitzpatrick,Fitzpatrick,0.7200000286102295,1,6000,PHI@WAS,WAS,PHI,IR,Hip,,,,QB
69306-34308,QB,Blake,Blake Bortles,Bortles,0,1,6000,CAR@NO,NO,CAR,,,,,,QB
69306-60947,QB,Jarrett,Jarrett Stidham,Stidham,2.6566665967305503,6,6000,JAC@NE,NE,JAC,,,,,,QB
69306-30253,QB,Jeff,Jeff Driskel,Driskel,8.020000457763672,4,6000,HOU@SF,HOU,SF,IR,Collarbone,,,,QB
69306-54879,QB,Deshaun,Deshaun Watson,Watson,23.520000457763672,16,6000,HOU@SF,HOU,SF,,,,,,QB
69306-95893,QB,Devlin,Devlin Hodges,Hodges,0,1,6000,LAR@BAL,LAR,BAL,,,,,,QB
69306-69302,QB,Feleipe,Feleipe Franks,Franks,-0.13333333532015482,3,6000,ATL@BUF,ATL,BUF,IR,Undisclosed,,,,QB
69306-69304,QB,Kyle,Kyle Trask,Trask,,,6000,TB@NYJ,TB,NYJ,,,,,,QB
69306-52929,QB,Jake,Jake Luton,Luton,6.851999664306641,5,6000,MIA@TEN,MIA,TEN,,,,,,QB
69306-69333,QB,Jacob,Jacob Eason,Eason,0,1,6000,DET@SEA,SEA,DET,,,,,,QB
69306-61157,QB,Brett,Brett Rypien,Rypien,5.100000063578288,3,6000,DEN@LAC,DEN,LAC,,,,,,QB
69306-104281,QB,Jake,Jake Dolegala,Dolegala,0,1,6000,MIA@TEN,MIA,TEN,,,,,,QB
69306-61276,QB,James,James Morgan,Morgan,0,1,6000,LV@IND,IND,LV,,,,,,QB
69306-55148,QB,Clayton,Clayton Thorson,Thorson,0,1,6000,NYG@CHI,NYG,CHI,,,,,,QB
69306-38767,QB,Chris,Chris Streveler,Streveler,1.0199999809265137,2,6000,LAR@BAL,BAL,LAR,O,Undisclosed,,,,QB
69306-14194,QB,Blaine,Blaine Gabbert,Gabbert,0.4159999847412109,5,6000,TB@NYJ,TB,NYJ,,,,,,QB
69306-38837,QB,Danny,Danny Etling,Etling,0,1,6000,JAC@NE,JAC,NE,,,,,,QB
69306-63469,QB,Ben,Ben DiNucci,DiNucci,2.3200000127156577,3,6000,ARI@DAL,DAL,ARI,,,,,,QB
69306-71672,QB,KJ,KJ Costello,Costello,,,6000,DEN@LAC,LAC,DEN,,,,,,QB
69306-33260,WR,DeVante,DeVante Parker,Parker,10.67142813546317,7,5900,MIA@TEN,MIA,TEN,,,,,,WR/FLEX
69306-56265,TE,Mike,Mike Gesicki,Gesicki,7.8799997965494795,15,5900,MIA@TEN,MIA,TEN,,,,,,TE/FLEX
69306-60930,RB,Myles,Myles Gaskin,Gaskin,9.620000203450521,15,5900,MIA@TEN,MIA,TEN,,,,,,RB/FLEX
69306-55042,TE,Dalton,Dalton Schultz,Schultz,9.720000203450521,15,5900,ARI@DAL,DAL,ARI,,,,,,TE/FLEX
69306-85798,WR,Brandon,Brandon Aiyuk,Aiyuk,7.813333129882812,15,5900,HOU@SF,SF,HOU,,,,,,WR/FLEX
69306-71706,TE,T.J.,T.J. Hockenson,Hockenson,9.566666920979818,12,5800,DET@SEA,DET,SEA,IR,Thumb,,,,TE/FLEX
69306-63634,WR,Jakobi,Jakobi Meyers,Meyers,8.607142857142858,14,5800,JAC@NE,NE,JAC,,,,,,WR/FLEX
69306-69956,WR,Michael,Michael Gallup,Gallup,7.862500190734863,8,5800,ARI@DAL,DAL,ARI,,,,,,WR/FLEX
69306-55830,RB,D'Onta,D'Onta Foreman,Foreman,8.757142748151507,7,5800,MIA@TEN,TEN,MIA,,,,,,RB/FLEX
69306-83074,TE,Dallas,Dallas Goedert,Goedert,9.064285823277064,14,5800,PHI@WAS,PHI,WAS,,,,,,TE/FLEX
69306-25837,RB,Duke,Duke Johnson,Johnson,10.299999872843424,3,5800,MIA@TEN,MIA,TEN,,,,,,RB/FLEX
69306-14211,RB,Mark,Mark Ingram II,Ingram II,6.7928570338657925,14,5800,CAR@NO,NO,CAR,,,,,,RB/FLEX
69306-24920,RB,Devonta,Devonta Freeman,Freeman,8.407142639160156,14,5700,LAR@BAL,BAL,LAR,,,,,,RB/FLEX
69306-90561,WR,Jerry,Jerry Jeudy,Jeudy,6.888888888888889,9,5700,DEN@LAC,DEN,LAC,,,,,,WR/FLEX
69306-111540,RB,Rhamondre,Rhamondre Stevenson,Stevenson,8.109999847412109,10,5700,JAC@NE,NE,JAC,IR,Illness,,,,RB/FLEX
69306-93539,RB,Michael,Michael Carter,Carter,10.641666412353516,12,5700,TB@NYJ,NYJ,TB,,,,,,RB/FLEX
69306-71246,WR,Marquez,Marquez Callaway,Callaway,7.73999989827474,15,5700,CAR@NO,NO,CAR,,,,,,WR/FLEX
69306-22103,WR,Marvin,Marvin Jones Jr.,Jones Jr.,7.986666870117188,15,5700,JAC@NE,JAC,NE,,,,,,WR/FLEX
69306-26251,WR,Robby,Robby Anderson,Anderson,6.366666666666666,15,5700,CAR@NO,CAR,NO,,,,,,WR/FLEX
69306-28473,RB,Carlos,Carlos Hyde,Hyde,3.316666603088379,12,5700,JAC@NE,JAC,NE,IR,Concussion,,,,RB/FLEX
69306-85845,WR,Rashod,Rashod Bateman,Bateman,6.8,10,5700,LAR@BAL,BAL,LAR,,,,,,WR/FLEX
69306-40845,TE,Hunter,Hunter Henry,Henry,8.785714285714286,14,5700,JAC@NE,NE,JAC,,,,,,TE/FLEX
69306-24755,WR,Jamison,Jamison Crowder,Crowder,7.4636362249201,11,5600,TB@NYJ,NYJ,TB,Q,Calf,,,,WR/FLEX
69306-27338,RB,Rex,Rex Burkhead,Burkhead,6.066666920979817,12,5600,HOU@SF,HOU,SF,,,,,,RB/FLEX
69306-22031,WR,T.Y.,T.Y. Hilton,Hilton,5.837500095367432,8,5600,LV@IND,IND,LV,,,,,,WR/FLEX
69306-63078,RB,Ke'Shawn,Ke'Shawn Vaughn,Vaughn,4.5,4,5600,TB@NYJ,TB,NYJ,,,,,,RB/FLEX
69306-69295,WR,Byron,Byron Pringle,Pringle,6.621428353445871,14,5600,KC@CIN,KC,CIN,,,,,,WR/FLEX
69306-22288,WR,Cole,Cole Beasley,Beasley,7.714285714285714,14,5600,ATL@BUF,BUF,ATL,IR,Illness,,,,WR/FLEX
69306-14187,WR,A.J.,A.J. Green,Green,8.328571319580078,14,5600,ARI@DAL,ARI,DAL,,,,,,WR/FLEX
69306-14190,WR,Julio,Julio Jones,Jones,5.622222052680121,9,5600,MIA@TEN,TEN,MIA,IR,Illness,,,,WR/FLEX
69306-28827,RB,Dare,Dare Ogunbowale,Ogunbowale,2.8499999046325684,8,5500,JAC@NE,JAC,NE,,,,,,RB/FLEX
69306-43334,RB,J.D.,J.D. McKissic,McKissic,9.672727411443537,11,5500,PHI@WAS,WAS,PHI,IR,Concussion,,,,RB/FLEX
69306-80289,WR,Kendrick,Kendrick Bourne,Bourne,9.1,15,5500,JAC@NE,NE,JAC,,,,,,WR/FLEX
69306-54244,WR,Kenny,Kenny Golladay,Golladay,5.575000127156575,12,5500,NYG@CHI,NYG,CHI,,,,,,WR/FLEX
69306-64575,RB,Derrick,Derrick Gore,Gore,7.349999745686849,6,5500,KC@CIN,KC,CIN,,,,,,RB/FLEX
69306-29780,TE,Zach,Zach Ertz,Ertz,8.279999796549479,15,5500,ARI@DAL,ARI,DAL,,,,,,TE/FLEX
69306-11505,WR,Emmanuel,Emmanuel Sanders,Sanders,7.907142639160156,14,5500,ATL@BUF,BUF,ATL,,,,,,WR/FLEX
69306-40843,RB,Alex,Alex Collins,Collins,5.845454822887074,11,5500,DET@SEA,SEA,DET,,,,,,RB/FLEX
69306-28643,WR,Allen,Allen Robinson II,Robinson II,5.729999923706055,10,5500,NYG@CHI,CHI,NYG,,,,,,WR/FLEX
69306-88699,RB,Jaret,Jaret Patterson,Patterson,2.3416666984558105,12,5400,PHI@WAS,WAS,PHI,,,,,,RB/FLEX
69306-47870,TE,Tyler,Tyler Higbee,Higbee,6.623076805701623,13,5400,LAR@BAL,LAR,BAL,,,,,,TE/FLEX
69306-90912,RB,Kenneth,Kenneth Gainwell,Gainwell,6.414285932268415,14,5400,PHI@WAS,PHI,WAS,,,,,,RB/FLEX
69306-87467,RB,Chuba,Chuba Hubbard,Hubbard,7.014285496303013,14,5400,CAR@NO,CAR,NO,,,,,,RB/FLEX
69306-71352,WR,Mecole,Mecole Hardman,Hardman,6.020000203450521,15,5400,KC@CIN,KC,CIN,,,,,,WR/FLEX
69306-57091,WR,Tim,Tim Patrick,Patrick,7.826666768391927,15,5400,DEN@LAC,DEN,LAC,,,,,,WR/FLEX
69306-30635,RB,Mike,Mike Davis,Davis,6.913333129882813,15,5400,ATL@BUF,ATL,BUF,,,,,,RB/FLEX
69306-104424,RB,Craig,Craig Reynolds,Reynolds,9.90000025431315,3,5400,DET@SEA,DET,SEA,,,,,,RB/FLEX
69306-57342,WR,Tre'Quan,Tre'Quan Smith,Smith,6.177777608235677,9,5400,CAR@NO,NO,CAR,Q,Chest,,,,WR/FLEX
69306-71705,TE,Noah,Noah Fant,Fant,7.478571210588727,14,5300,DEN@LAC,DEN,LAC,,,,,,TE/FLEX
69306-86052,WR,Kadarius,Kadarius Toney,Toney,6.984444512261285,9,5300,NYG@CHI,NYG,CHI,,,,,,WR/FLEX
69306-57403,WR,Courtland,Courtland Sutton,Sutton,7.420000203450521,15,5300,DEN@LAC,DEN,LAC,,,,,,WR/FLEX
69306-94534,WR,Gabriel,Gabriel Davis,Davis,7.5,13,5300,ATL@BUF,BUF,ATL,IR,Illness,,,,WR/FLEX
69306-39580,RB,Devontae,Devontae Booker,Booker,8.207142966134208,14,5300,NYG@CHI,NYG,CHI,,,,,,RB/FLEX
69306-72412,RB,Khalil,Khalil Herbert,Herbert,4.992857251848493,14,5300,NYG@CHI,CHI,NYG,,,,,,RB/FLEX
69306-64389,WR,Nick,Nick Westbrook-Ikhine,Westbrook-Ikhine,5.600000234750601,13,5300,MIA@TEN,TEN,MIA,IR,Illness,,,,WR/FLEX
69306-52495,WR,Braxton,Braxton Berrios,Berrios,5.093333435058594,15,5300,TB@NYJ,NYJ,TB,,,,,,WR/FLEX
69306-64843,WR,Jalen,Jalen Guyton,Guyton,5.100000108991351,14,5300,DEN@LAC,LAC,DEN,IR,Illness,,,,WR/FLEX
69306-52808,RB,Dontrell,Dontrell Hilliard,Hilliard,8.319999694824219,5,5300,MIA@TEN,TEN,MIA,,,,,,RB/FLEX
69306-69276,WR,Bryan,Bryan Edwards,Edwards,5.985714503696987,14,5300,LV@IND,LV,IND,IR,Illness,,,,WR/FLEX
69306-87859,WR,Laviska,Laviska Shenault Jr.,Shenault Jr.,6.035714285714286,14,5300,JAC@NE,JAC,NE,IR,Illness,,,,WR/FLEX
69306-40857,RB,Peyton,Peyton Barber,Barber,5.337500095367432,8,5300,LV@IND,LV,IND,,,,,,RB/FLEX
69306-73687,WR,Quez,Quez Watkins,Watkins,5.006666564941407,15,5300,PHI@WAS,PHI,WAS,,,,,,WR/FLEX
69306-24641,WR,Sammy,Sammy Watkins,Watkins,5.69000015258789,10,5200,LAR@BAL,BAL,LAR,,,,,,WR/FLEX
69306-24671,WR,Adam,Adam Humphries,Humphries,3.7199999491373696,15,5200,PHI@WAS,WAS,PHI,,,,,,WR/FLEX
69306-53390,WR,Zach,Zach Pascal,Pascal,5.214285714285714,14,5200,LV@IND,IND,LV,IR,Undisclosed,,,,WR/FLEX
69306-53639,WR,Isaiah,Isaiah McKenzie,McKenzie,2.9769231356107273,13,5200,ATL@BUF,BUF,ATL,,,,,,WR/FLEX
69306-70027,RB,Zack,Zack Moss,Moss,7.94545468417081,11,5200,ATL@BUF,BUF,ATL,,,,,,RB/FLEX
69306-41426,RB,Phillip,Phillip Lindsay,Lindsay,3.1666666666666665,12,5200,MIA@TEN,MIA,TEN,,,,,,RB/FLEX
69306-6739,WR,DeSean,DeSean Jackson,Jackson,4.984615619365986,13,5200,LV@IND,LV,IND,,,,,,WR/FLEX
69306-41806,WR,Laquon,Laquon Treadwell,Treadwell,4.429999923706054,10,5200,JAC@NE,JAC,NE,,,,,,WR/FLEX
69306-29683,WR,Nelson,Nelson Agholor,Agholor,6.315384498009315,13,5200,JAC@NE,NE,JAC,Q,Concussion,,,,WR/FLEX
69306-42028,WR,Will,Will Fuller V,Fuller V,3.299999952316284,2,5200,MIA@TEN,MIA,TEN,IR,Finger,,,,WR/FLEX
69306-68712,WR,Tyler,Tyler Johnson,Johnson,3.2538460951585035,13,5200,TB@NYJ,TB,NYJ,,,,,,WR/FLEX
69306-27776,RB,Tevin,Tevin Coleman,Coleman,4.540000152587891,10,5200,TB@NYJ,NYJ,TB,,,,,,RB/FLEX
69306-91419,WR,Nico,Nico Collins,Collins,4.533333460489909,12,5200,HOU@SF,HOU,SF,,,,,,WR/FLEX
69306-60712,TE,Foster,Foster Moreau,Moreau,6.290000152587891,10,5200,LV@IND,LV,IND,,,,,,TE/FLEX
69306-87418,WR,Joshua,Joshua Palmer,Palmer,4.676923018235427,13,5200,DEN@LAC,LAC,DEN,,,,,,WR/FLEX
69306-91872,RB,Joshua,Joshua Kelley,Kelley,1.8125,8,5200,DEN@LAC,LAC,DEN,,,,,,RB/FLEX
69306-53097,WR,Josh,Josh Reynolds,Reynolds,7.166666666666667,9,5200,DET@SEA,DET,SEA,IR,Illness,,,,WR/FLEX
69306-57299,TE,Gerald,Gerald Everett,Everett,6.63076899601863,13,5200,DET@SEA,SEA,DET,,,,,,TE/FLEX
69306-79998,WR,Keelan,Keelan Cole Sr.,Cole Sr.,3.9583333333333335,12,5100,TB@NYJ,NYJ,TB,,,,,,WR/FLEX
69306-63625,RB,Nyheim,Nyheim Hines,Hines,5.726666768391927,15,5100,LV@IND,IND,LV,,,,,,RB/FLEX
69306-41305,WR,Zay,Zay Jones,Jones,4.715384556696965,13,5100,LV@IND,LV,IND,,,,,,WR/FLEX
69306-72133,WR,Antoine,Antoine Wesley,Wesley,4.766666730244954,6,5100,ARI@DAL,ARI,DAL,,,,,,WR/FLEX
69306-31207,TE,C.J.,C.J. Uzomah,Uzomah,6.573333231608073,15,5100,KC@CIN,CIN,KC,,,,,,TE/FLEX
69306-41872,TE,Evan,Evan Engram,Engram,5.915384732759916,13,5100,NYG@CHI,NYG,CHI,,,,,,TE/FLEX
69306-64496,WR,Olamide,Olamide Zaccheaus,Zaccheaus,5.100000234750601,13,5100,ATL@BUF,ATL,BUF,,,,,,WR/FLEX
69306-62497,RB,David,David Johnson,Johnson,5.016666730244954,12,5100,HOU@SF,HOU,SF,IR,Undisclosed,,,,RB/FLEX
69306-62508,TE,James,James O'Shaughnessy,O'Shaughnessy,5.485714503696987,7,5100,JAC@NE,JAC,NE,,,,,,TE/FLEX
69306-62628,WR,DeAndre,DeAndre Carter,Carter,4.853333536783854,15,5100,PHI@WAS,WAS,PHI,,,,,,WR/FLEX
69306-93408,WR,Rondale,Rondale Moore,Moore,5.864285605294364,14,5100,ARI@DAL,ARI,DAL,Q,Ankle,,,,WR/FLEX
69306-52451,RB,Samaje,Samaje Perine,Perine,4.842857360839844,14,5100,KC@CIN,CIN,KC,,,,,,RB/FLEX
69306-56648,RB,Jeremy,Jeremy McNichols,McNichols,4.850000063578288,12,5100,MIA@TEN,TEN,MIA,,,,,,RB/FLEX
69306-34331,RB,Latavius,Latavius Murray,Murray,6.208333333333333,12,5100,LAR@BAL,BAL,LAR,,,,,,RB/FLEX
69306-30403,WR,Chris,Chris Conley,Conley,4.076923076923077,13,5100,HOU@SF,HOU,SF,,,,,,WR/FLEX
69306-63186,WR,James,James Proche,Proche,4.028571537562779,7,5100,LAR@BAL,BAL,LAR,,,,,,WR/FLEX
69306-104176,WR,Deonte,Deonte Harris,Harris,7.909090909090909,11,5100,CAR@NO,NO,CAR,IR,Undisclosed,,,,WR/FLEX
69306-40977,TE,Ricky,Ricky Seals-Jones,Seals-Jones,5.279999923706055,10,5000,PHI@WAS,WAS,PHI,,,,,,TE/FLEX
69306-61593,WR,Jauan,Jauan Jennings,Jennings,3.8454544760964136,11,5000,HOU@SF,SF,HOU,,,,,,WR/FLEX
69306-65724,RB,JaMycal,JaMycal Hasty,Hasty,3.7111112806532116,9,5000,HOU@SF,SF,HOU,,,,,,RB/FLEX
69306-16606,WR,DeAndre,DeAndre Hopkins,Hopkins,12.61999969482422,10,5000,ARI@DAL,ARI,DAL,IR,Knee - mcl,,,,WR/FLEX
69306-12541,D,New England,New England Patriots,Patriots,9.666666666666666,15,5000,JAC@NE,NE,JAC,,,,,,DEF
69306-63819,WR,Darius,Darius Slayton,Slayton,3.808333396911621,12,5000,NYG@CHI,NYG,CHI,,,,,,WR/FLEX
69306-39280,RB,Derrick,Derrick Henry,Henry,23.037500381469727,8,5000,MIA@TEN,TEN,MIA,IR,Foot,,,,RB/FLEX
69306-94625,WR,Jalen,Jalen Reagor,Reagor,3.8666666666666667,15,5000,PHI@WAS,PHI,WAS,,,,,,WR/FLEX
69306-31184,RB,Jonathan,Jonathan Williams,Williams,4.033333460489909,3,5000,PHI@WAS,WAS,PHI,,,,,,RB/FLEX
69306-6703,RB,Adrian,Adrian Peterson,Peterson,6.150000095367432,4,5000,DET@SEA,SEA,DET,Q,Lower back,,,,RB/FLEX
69306-27229,RB,Ameer,Ameer Abdullah,Abdullah,3.373333231608073,15,5000,CAR@NO,CAR,NO,,,,,,RB/FLEX
69306-25290,RB,Giovani,Giovani Bernard,Bernard,4.759999847412109,10,5000,TB@NYJ,TB,NYJ,IR,Hip,,,,RB/FLEX
69306-70422,WR,Kalif,Kalif Raymond,Raymond,5.933333333333334,15,5000,DET@SEA,DET,SEA,,,,,,WR/FLEX
69306-91047,TE,Cole,Cole Kmet,Kmet,5.3600001017252605,15,5000,NYG@CHI,CHI,NYG,,,,,,TE/FLEX
69306-56356,WR,Isaiah,Isaiah Ford,Ford,3.7333331637912326,9,5000,MIA@TEN,MIA,TEN,,,,,,WR/FLEX
69306-54472,WR,Cam,Cam Sims,Sims,4.3125,8,5000,PHI@WAS,WAS,PHI,,,,,,WR/FLEX
69306-38264,WR,Demarcus,Demarcus Robinson,Robinson,3.6000000635782876,12,5000,KC@CIN,KC,CIN,,,,,,WR/FLEX
69306-71032,WR,Devin,Devin Duvernay,Duvernay,4.51428576878139,14,5000,LAR@BAL,BAL,LAR,Q,Ankle,,,,WR/FLEX
69306-73121,RB,Tony,Tony Jones Jr.,Jones Jr.,2.200000047683716,8,5000,CAR@NO,NO,CAR,,,,,,RB/FLEX
69306-32243,WR,Marquise,Marquise Goodwin,Goodwin,3.741666793823242,12,5000,NYG@CHI,CHI,NYG,,,,,,WR/FLEX
69306-40758,RB,Corey,Corey Clement,Clement,1.9799999237060546,5,5000,ARI@DAL,DAL,ARI,,,,,,RB/FLEX
69306-61273,WR,Scotty,Scotty Miller,Miller,0.9800000190734863,5,5000,TB@NYJ,TB,NYJ,,,,,,WR/FLEX
69306-26458,WR,Tavon,Tavon Austin,Austin,3.4272727966308594,11,5000,JAC@NE,JAC,NE,,,,,,WR/FLEX
69306-53303,RB,Matt,Matt Breida,Breida,5.600000108991351,7,4900,ATL@BUF,BUF,ATL,,,,,,RB/FLEX
69306-69836,WR,Collin,Collin Johnson,Johnson,2.2857142857142856,7,4900,NYG@CHI,NYG,CHI,Q,Hamstring,,,,WR/FLEX
69306-12551,D,Tampa Bay,Tampa Bay Buccaneers,Buccaneers,8.733333333333333,15,4900,TB@NYJ,TB,NYJ,,,,,,DEF
69306-33047,WR,Chris,Chris Moore,Moore,4.842857360839844,7,4900,HOU@SF,HOU,SF,,,,,,WR/FLEX
69306-41475,WR,John,John Ross III,Ross III,3.9444444444444446,9,4900,NYG@CHI,NYG,CHI,IR,Illness,,,,WR/FLEX
69306-55970,RB,Royce,Royce Freeman,Freeman,2.7100000381469727,10,4900,HOU@SF,HOU,SF,,,,,,RB/FLEX
69306-80546,TE,Dan,Dan Arnold,Arnold,5.829999923706055,10,4900,JAC@NE,JAC,NE,IR,Illness,,,,TE/FLEX
69306-70372,WR,Chester,Chester Rogers,Rogers,3.307142802647182,14,4900,MIA@TEN,TEN,MIA,,,,,,WR/FLEX
69306-25813,WR,Phillip,Phillip Dorsett II,Dorsett II,2.9,5,4900,HOU@SF,HOU,SF,D,Ankle,,,,WR/FLEX
69306-48344,WR,Albert,Albert Wilson,Wilson,3.55,10,4900,MIA@TEN,MIA,TEN,IR,Illness,,,,WR/FLEX
69306-69168,WR,N'Keal,N'Keal Harry,Harry,2.4888888465033636,9,4900,JAC@NE,NE,JAC,,,,,,WR/FLEX
69306-7761,TE,Jared,Jared Cook,Cook,6.560000101725261,15,4900,DEN@LAC,LAC,DEN,,,,,,TE/FLEX
69306-94087,RB,DeeJay,DeeJay Dallas,Dallas,3.2933334350585937,15,4900,DET@SEA,SEA,DET,,,,,,RB/FLEX
69306-32703,WR,Jakeem,Jakeem Grant Sr.,Grant Sr.,2.4285714285714284,14,4900,NYG@CHI,CHI,NYG,Q,Concussion,,,,WR/FLEX
69306-69581,WR,Cedrick,Cedrick Wilson,Wilson,6.9316666920979815,12,4900,ARI@DAL,DAL,ARI,,,,,,WR/FLEX
69306-30678,WR,Damiere,Damiere Byrd,Byrd,4.655555725097656,9,4900,NYG@CHI,CHI,NYG,,,,,,WR/FLEX
69306-79920,WR,Cyril,Cyril Grayson,Grayson,11.25,2,4800,TB@NYJ,TB,NYJ,,,,,,WR/FLEX
69306-12527,D,Chicago,Chicago Bears,Bears,5.4,15,4800,NYG@CHI,CHI,NYG,,,,,,DEF
69306-22898,RB,Brandon,Brandon Bolden,Bolden,5.75,14,4800,JAC@NE,NE,JAC,,,,,,RB/FLEX
69306-47523,WR,Tajae,Tajae Sharpe,Sharpe,2.730769230769231,13,4800,ATL@BUF,ATL,BUF,IR,Illness,,,,WR/FLEX
69306-64031,TE,Hayden,Hayden Hurst,Hurst,4.299999930641868,11,4800,ATL@BUF,ATL,BUF,,,,,,TE/FLEX
69306-25267,WR,Mack,Mack Hollins,Hollins,4.845454476096413,11,4800,MIA@TEN,MIA,TEN,,,,,,WR/FLEX
69306-86780,RB,Salvon,Salvon Ahmed,Ahmed,2.9636362249200996,11,4800,MIA@TEN,MIA,TEN,,,,,,RB/FLEX
69306-72453,WR,Denzel,Denzel Mims,Mims,1.9222221374511719,9,4800,TB@NYJ,NYJ,TB,,,,,,WR/FLEX
69306-82731,WR,Brandon,Brandon Zylstra,Zylstra,5,8,4800,CAR@NO,CAR,NO,IR,Illness,,,,WR/FLEX
69306-27441,RB,Damien,Damien Williams,Williams,5.237500190734863,8,4800,NYG@CHI,CHI,NYG,,,,,,RB/FLEX
69306-93023,RB,Jermar,Jermar Jefferson,Jefferson,5.925000190734863,4,4800,DET@SEA,DET,SEA,,,,,,RB/FLEX
69306-29734,RB,Ty,Ty Montgomery,Montgomery,2.1700000762939453,10,4800,CAR@NO,NO,CAR,,,,,,RB/FLEX
69306-71031,WR,Lil'Jordan,Lil'Jordan Humphrey,Humphrey,7.340000152587891,5,4800,CAR@NO,NO,CAR,,,,,,WR/FLEX
69306-52613,WR,Curtis,Curtis Samuel,Samuel,1.3600000381469726,5,4800,PHI@WAS,WAS,PHI,Q,Hamstring,,,,WR/FLEX
69306-32235,WR,Marcus,Marcus Johnson,Johnson,2.8999998910086497,7,4800,MIA@TEN,TEN,MIA,IR,Hamstring,,,,WR/FLEX
69306-104012,WR,Ashton,Ashton Dulin,Dulin,3,13,4800,LV@IND,IND,LV,,,,,,WR/FLEX
69306-38509,RB,Wendell,Wendell Smallwood,Smallwood,3.5,1,4800,PHI@WAS,WAS,PHI,,,,,,RB/FLEX
69306-71444,RB,Travis,Travis Homer,Homer,4.354545593261719,11,4800,DET@SEA,SEA,DET,,,,,,RB/FLEX
69306-104297,WR,Jason,Jason Moore Jr.,Moore Jr.,7.099999904632568,1,4800,DEN@LAC,LAC,DEN,,,,,,WR/FLEX
69306-94094,TE,Brevin,Brevin Jordan,Jordan,6.342857360839844,7,4800,HOU@SF,HOU,SF,,,,,,TE/FLEX
69306-86173,RB,Mekhi,Mekhi Sargent,Sargent,0.29999999205271405,3,4700,JAC@NE,JAC,NE,,,,,,RB/FLEX
69306-12542,D,New Orleans,New Orleans Saints,Saints,8,15,4700,CAR@NO,NO,CAR,,,,,,DEF
69306-70133,RB,Jake,Jake Funk,Funk,0.125,4,4700,LAR@BAL,LAR,BAL,,,,,,RB/FLEX
69306-39428,RB,Kyle,Kyle Juszczyk,Juszczyk,4.064285823277065,14,4700,HOU@SF,SF,HOU,,,,,,RB/FLEX
69306-23194,WR,Josh,Josh Gordon,Gordon,1.528571401323591,7,4700,KC@CIN,KC,CIN,,,,,,WR/FLEX
69306-39859,TE,Jack,Jack Doyle,Doyle,4.507142748151507,14,4700,LV@IND,IND,LV,Q,Ankle,,,,TE/FLEX
69306-56580,WR,Christian,Christian Blake,Blake,0.9,5,4700,ATL@BUF,ATL,BUF,,,,,,WR/FLEX
69306-54608,RB,Jerick,Jerick McKinnon,McKinnon,2.414285659790039,7,4700,KC@CIN,KC,CIN,IR,Hamstring,,,,RB/FLEX
69306-93538,WR,Dyami,Dyami Brown,Brown,2.387500047683716,8,4700,PHI@WAS,WAS,PHI,,,,,,WR/FLEX
69306-71105,WR,Ben,Ben Skowronek,Skowronek,2.6666666666666665,6,4700,LAR@BAL,LAR,BAL,,,,,,WR/FLEX
69306-32234,RB,Malcolm,Malcolm Brown,Brown,3.5,6,4700,MIA@TEN,MIA,TEN,IR,Quadriceps,,,,RB/FLEX
69306-40434,WR,Greg,Greg Ward,Ward,3.6857141767229353,7,4700,PHI@WAS,PHI,WAS,,,,,,WR/FLEX
69306-34295,WR,Breshad,Breshad Perriman,Perriman,5.299999872843425,3,4700,TB@NYJ,TB,NYJ,,,,,,WR/FLEX
69306-54782,TE,Cameron,Cameron Brate,Brate,3.8428570883614674,14,4700,TB@NYJ,TB,NYJ,,,,,,TE/FLEX
69306-22018,WR,Mohamed,Mohamed Sanu Sr.,Sanu Sr.,3.1500000953674316,8,4700,HOU@SF,SF,HOU,IR,Knee,,,,WR/FLEX
69306-91677,WR,Shi,Shi Smith,Smith,3.2750000953674316,4,4700,CAR@NO,CAR,NO,,,,,,WR/FLEX
69306-63050,RB,Ty,Ty Johnson,Johnson,6.492307809682993,13,4700,TB@NYJ,NYJ,TB,,,,,,RB/FLEX
69306-69303,WR,Freddie,Freddie Swain,Swain,3.8333333333333335,15,4700,DET@SEA,SEA,DET,,,,,,WR/FLEX
69306-52931,RB,Eli,Eli Penny,Penny,3.1399999618530274,10,4700,NYG@CHI,NYG,CHI,,,,,,RB/FLEX
69306-40726,RB,Godwin,Godwin Igwebuike,Igwebuike,2.118181748823686,11,4700,DET@SEA,DET,SEA,,,,,,RB/FLEX
69306-8117,WR,Danny,Danny Amendola,Amendola,4,7,4700,HOU@SF,HOU,SF,Q,Knee,,,,WR/FLEX
69306-104388,WR,Tom,Tom Kennedy,Kennedy,1.4500000476837158,4,4700,DET@SEA,DET,SEA,,,,,,WR/FLEX
69306-55323,RB,Jaylen,Jaylen Samuels,Samuels,0.10000000149011612,2,4600,HOU@SF,HOU,SF,,,,,,RB/FLEX
69306-71723,WR,Dez,Dez Fitzpatrick,Fitzpatrick,4.466666539510091,3,4600,MIA@TEN,TEN,MIA,,,,,,WR/FLEX
69306-55366,RB,Qadree,Qadree Ollison,Ollison,1.975000023841858,4,4600,ATL@BUF,ATL,BUF,,,,,,RB/FLEX
69306-79979,WR,Jamal,Jamal Agnew,Agnew,6.4,10,4600,JAC@NE,JAC,NE,IR,Hip,,,,WR/FLEX
69306-61555,WR,David,David Sills,Sills,0.5,2,4600,NYG@CHI,NYG,CHI,,,,,,WR/FLEX
69306-149710,WR,Mike,Mike Strachan,Strachan,1.7999999523162842,2,4600,LV@IND,IND,LV,,,,,,WR/FLEX
69306-55514,RB,Buddy,Buddy Howell,Howell,0.550000011920929,2,4600,LAR@BAL,LAR,BAL,,,,,,RB/FLEX
69306-57565,RB,Austin,Austin Walter,Walter,4.366666793823242,3,4600,TB@NYJ,NYJ,TB,,,,,,RB/FLEX
69306-12549,D,San Francisco,San Francisco 49ers,49ers,6.733333333333333,15,4600,HOU@SF,SF,HOU,,,,,,DEF
69306-90408,WR,Dax,Dax Milne,Milne,1.350000023841858,8,4600,PHI@WAS,WAS,PHI,,,,,,WR/FLEX
69306-55694,WR,Mike,Mike Thomas,Thomas,1.2833333015441895,6,4600,KC@CIN,CIN,KC,IR,Undisclosed,,,,WR/FLEX
69306-80294,TE,Anthony,Anthony Firkser,Firkser,2.9692306518554688,13,4600,MIA@TEN,TEN,MIA,,,,,,TE/FLEX
69306-72182,WR,Dee,Dee Eskridge,Eskridge,2.7285714830671037,7,4600,DET@SEA,SEA,DET,,,,,,WR/FLEX
69306-57909,RB,Marlon,Marlon Mack,Mack,2.3799999237060545,5,4600,LV@IND,IND,LV,IR,Illness,,,,RB/FLEX
69306-86646,RB,Trey,Trey Sermon,Sermon,5.3599998474121096,5,4600,HOU@SF,SF,HOU,IR,Ankle,,,,RB/FLEX
69306-55941,RB,Patrick,Patrick Laird,Laird,1.1999999682108562,3,4600,MIA@TEN,MIA,TEN,IR,Knee - mcl,,,,RB/FLEX
69306-53913,WR,Cody,Cody Hollister,Hollister,1.7666667302449544,3,4600,MIA@TEN,TEN,MIA,,,,,,WR/FLEX
69306-72370,RB,J.J.,J.J. Taylor,Taylor,3.3,5,4600,JAC@NE,NE,JAC,,,,,,RB/FLEX
69306-94936,RB,Larry,Larry Rountree III,Rountree III,1.677777820163303,9,4600,DEN@LAC,LAC,DEN,,,,,,RB/FLEX
69306-56059,WR,Trent,Trent Sherfield,Sherfield,2.242857115609305,7,4600,HOU@SF,SF,HOU,,,,,,WR/FLEX
69306-33578,RB,Jalen,Jalen Richard,Richard,1.528571401323591,7,4600,LV@IND,LV,IND,,,,,,RB/FLEX
69306-27457,WR,Kenny,Kenny Stills,Stills,2.2714285169328963,7,4600,CAR@NO,NO,CAR,,,,,,WR/FLEX
69306-64339,WR,Auden,Auden Tate,Tate,2.8499999046325684,4,4600,KC@CIN,CIN,KC,IR,Undisclosed,,,,WR/FLEX
69306-64350,WR,Jeff,Jeff Smith,Smith,2.116666634877523,6,4600,TB@NYJ,NYJ,TB,,,,,,WR/FLEX
69306-45964,WR,Marcus,Marcus Kemp,Kemp,0.8500000238418579,4,4600,KC@CIN,KC,CIN,,,,,,WR/FLEX
69306-56248,WR,Noah,Noah Brown,Brown,2.9333332909478083,9,4600,ARI@DAL,DAL,ARI,IR,Groin,,,,WR/FLEX
69306-56289,RB,Jason,Jason Cabinda,Cabinda,1.6999999455043249,7,4600,DET@SEA,DET,SEA,Q,Knee,,,,RB/FLEX
69306-72705,TE,John,John Bates,Bates,3.8777779473198786,9,4600,PHI@WAS,WAS,PHI,,,,,,TE/FLEX
69306-83086,WR,Daurice,Daurice Fountain,Fountain,1.099999984105428,3,4600,KC@CIN,KC,CIN,O,Illness,,,,WR/FLEX
69306-11485,WR,Golden,Golden Tate,Tate,5.7516663869222,12,4600,MIA@TEN,TEN,MIA,,,,,,WR/FLEX
69306-95455,WR,D.J.,D.J. Montgomery,Montgomery,5.099999904632568,1,4600,TB@NYJ,NYJ,TB,,,,,,WR/FLEX
69306-11512,TE,Jimmy,Jimmy Graham,Graham,4.566666497124566,9,4600,NYG@CHI,CHI,NYG,,,,,,TE/FLEX
69306-29949,WR,Marvin,Marvin Hall,Hall,1.5,1,4600,ATL@BUF,ATL,BUF,,,,,,WR/FLEX
69306-64786,RB,Ryquell,Ryquell Armstead,Armstead,0,2,4600,JAC@NE,JAC,NE,,,,,,RB/FLEX
69306-64827,WR,Miles,Miles Boykin,Boykin,1.100000023841858,1,4600,LAR@BAL,BAL,LAR,,,,,,WR/FLEX
69306-85306,WR,KhaDarel,KhaDarel Hodge,Hodge,1.5666667090521917,9,4600,DET@SEA,DET,SEA,,,,,,WR/FLEX
69306-52591,RB,Rodney,Rodney Smith,Smith,7.300000190734863,1,4600,DET@SEA,DET,SEA,,,,,,RB/FLEX
69306-56698,WR,Dante,Dante Pettis,Pettis,6.78000005086263,3,4600,NYG@CHI,NYG,CHI,IR,Shoulder,,,,WR/FLEX
69306-93577,WR,Dazz,Dazz Newsome,Newsome,0.75,2,4600,NYG@CHI,CHI,NYG,,,,,,WR/FLEX
69306-64907,WR,JJ,JJ Arcega-Whiteside,Arcega-Whiteside,1.5333333015441895,3,4600,PHI@WAS,PHI,WAS,,,,,,WR/FLEX
69306-73130,RB,Chris,Chris Evans,Evans,3.549999952316284,8,4600,KC@CIN,CIN,KC,,,,,,RB/FLEX
69306-26038,TE,Tyler,Tyler Kroft,Kroft,3.7874999046325684,8,4600,TB@NYJ,NYJ,TB,IR,Illness,,,,TE/FLEX
69306-87515,WR,Tylan,Tylan Wallace,Wallace,1.099999984105428,3,4600,LAR@BAL,BAL,LAR,,,,,,WR/FLEX
69306-103901,WR,Davion,Davion Davis,Davis,1.100000023841858,2,4600,HOU@SF,HOU,SF,IR,Ankle,,,,WR/FLEX
69306-62967,WR,Preston,Preston Williams,Williams,1.8000000317891438,6,4600,MIA@TEN,MIA,TEN,,,,,,WR/FLEX
69306-60977,RB,Ty'Son,Ty'Son Williams,Williams,6.166666666666667,6,4600,LAR@BAL,BAL,LAR,,,,,,RB/FLEX
69306-61042,WR,Kendall,Kendall Hinton,Hinton,2.7700000762939454,10,4600,DEN@LAC,DEN,LAC,,,,,,WR/FLEX
69306-85672,WR,Terrace,Terrace Marshall Jr.,Marshall Jr.,1.9727273420854048,11,4600,CAR@NO,CAR,NO,,,,,,WR/FLEX
69306-71367,RB,La'Mical,La'Mical Perine,Perine,1.5499999523162842,2,4600,TB@NYJ,NYJ,TB,,,,,,RB/FLEX
69306-69325,WR,Riley,Riley Ridley,Ridley,2.1,5,4600,NYG@CHI,CHI,NYG,,,,,,WR/FLEX
69306-85731,WR,Racey,Racey McMath,McMath,-0.05000000074505806,4,4600,MIA@TEN,TEN,MIA,,,,,,WR/FLEX
69306-85762,RB,Eno,Eno Benjamin,Benjamin,3.4200000762939453,5,4600,ARI@DAL,ARI,DAL,,,,,,RB/FLEX
69306-69383,WR,Dezmon,Dezmon Patmon,Patmon,3.0333334604899087,3,4600,LV@IND,IND,LV,,,,,,WR/FLEX
69306-55088,WR,Malik,Malik Turner,Turner,5.557143075125558,7,4600,ARI@DAL,DAL,ARI,,,,,,WR/FLEX
69306-55224,RB,Reggie,Reggie Bonnafon,Bonnafon,2.5999999046325684,1,4600,CAR@NO,CAR,NO,,,,,,RB/FLEX
69306-63419,WR,Andy,Andy Isabella,Isabella,1.7999999523162842,1,4600,ARI@DAL,ARI,DAL,,,,,,WR/FLEX
69306-92093,WR,Jaelon,Jaelon Darden,Darden,1.0499999523162842,8,4600,TB@NYJ,TB,NYJ,IR,Illness,,,,WR/FLEX
69306-24533,TE,Mo,Mo Alie-Cox,Alie-Cox,3.973333231608073,15,4600,LV@IND,IND,LV,,,,,,TE/FLEX
69306-63447,WR,Penny,Penny Hart,Hart,1.037500023841858,8,4600,DET@SEA,SEA,DET,,,,,,WR/FLEX
69306-40932,WR,Pharoh,Pharoh Cooper,Cooper,0.9333333174387614,6,4600,NYG@CHI,NYG,CHI,,,,,,WR/FLEX
69306-92168,WR,Damion,Damion Willis,Willis,0,1,4500,PHI@WAS,WAS,PHI,,,,,,WR/FLEX
69306-69646,RB,Dedrick,Dedrick Mills,Mills,,,4500,DET@SEA,DET,SEA,,,,,,RB/FLEX
69306-69655,WR,Stephen,Stephen Sullivan,Sullivan,0,1,4500,CAR@NO,CAR,NO,,,,,,WR/FLEX
69306-88109,RB,Gary,Gary Brightwell,Brightwell,0.75,2,4500,NYG@CHI,NYG,CHI,Q,Neck,,,,RB/FLEX
69306-94262,WR,Antonio,Antonio Gandy-Golden,Gandy-Golden,0.75,4,4500,PHI@WAS,WAS,PHI,,,,,,WR/FLEX
69306-63550,WR,Isaiah,Isaiah Zuber,Zuber,1.5,4,4500,TB@NYJ,NYJ,TB,,,,,,WR/FLEX
69306-86078,WR,Trevon,Trevon Grimes,Grimes,,,4500,PHI@WAS,PHI,WAS,Q,Undisclosed,,,,WR/FLEX
69306-63554,WR,Dalton,Dalton Schoen,Schoen,0,1,4500,KC@CIN,KC,CIN,,,,,,WR/FLEX
69306-28744,RB,Raheem,Raheem Mostert,Mostert,2,1,4500,HOU@SF,SF,HOU,IR,Knee - meniscus,,,,RB/FLEX
69306-71756,WR,Aaron,Aaron Fuller,Fuller,0,1,4500,DET@SEA,SEA,DET,,,,,,WR/FLEX
69306-41042,WR,Marcell,Marcell Ateman,Ateman,,,4500,LV@IND,LV,IND,,,,,,WR/FLEX
69306-57432,WR,Cameron,Cameron Batson,Batson,2.5,4,4500,MIA@TEN,TEN,MIA,IR,Knee - acl,,,,WR/FLEX
69306-63576,WR,Kirk,Kirk Merritt,Merritt,1.7999999523162842,1,4500,MIA@TEN,MIA,TEN,,,,,,WR/FLEX
69306-63586,WR,De'Quan,De'Quan Hampton,Hampton,,,4500,DET@SEA,SEA,DET,,,,,,WR/FLEX
69306-79972,WR,Chad,Chad Williams,Williams,,,4500,KC@CIN,KC,CIN,Q,Undisclosed,,,,WR/FLEX
69306-79974,RB,Tarik,Tarik Cohen,Cohen,2.9,5,4500,NYG@CHI,CHI,NYG,NA,Knee - acl,,,,RB/FLEX
69306-86125,WR,Brandon,Brandon Smith,Smith,,,4500,ARI@DAL,DAL,ARI,O,Illness,,,,WR/FLEX
69306-79982,RB,Alex,Alex Armah,Armah,1.4499999682108562,6,4500,PHI@WAS,WAS,PHI,,,,,,RB/FLEX
69306-79987,WR,David,David Moore,Moore,0,1,4500,DEN@LAC,DEN,LAC,,,,,,WR/FLEX
69306-63603,WR,Jared,Jared Pinkney,Pinkney,0,1,4500,LAR@BAL,LAR,BAL,,,,,,WR/FLEX
69306-30837,WR,Jordan,Jordan Matthews,Matthews,,,4500,HOU@SF,SF,HOU,,,,,,WR/FLEX
69306-55414,WR,Cody,Cody Thompson,Thompson,0,1,4500,DET@SEA,SEA,DET,,,,,,WR/FLEX
69306-55417,WR,Jon'Vea,Jon'Vea Johnson,Johnson,0,1,4500,NYG@CHI,CHI,NYG,,,,,,WR/FLEX
69306-104577,WR,Gunner,Gunner Olszewski,Olszewski,0.29999999205271405,12,4500,JAC@NE,NE,JAC,,,,,,WR/FLEX
69306-84101,WR,Vyncint,Vyncint Smith,Smith,0,1,4500,TB@NYJ,NYJ,TB,O,Illness,,,,WR/FLEX
69306-69769,RB,Darius,Darius Bradwell,Bradwell,0,1,4500,DEN@LAC,LAC,DEN,,,,,,RB/FLEX
69306-71821,WR,Joe,Joe Reed,Reed,0.9888888465033637,9,4500,DEN@LAC,LAC,DEN,O,Undisclosed,,,,WR/FLEX
69306-47249,WR,Darvin,Darvin Kidsy,Kidsy,0,1,4500,DET@SEA,SEA,DET,,,,,,WR/FLEX
69306-88213,RB,Brenden,Brenden Knox,Knox,,,4500,ARI@DAL,DAL,ARI,,,,,,RB/FLEX
69306-61610,RB,Jacques,Jacques Patrick,Patrick,1.2000000476837158,1,4500,CAR@NO,CAR,NO,,,,,,RB/FLEX
69306-86192,WR,KJ,KJ Hamler,Hamler,3.2999998728434243,3,4500,DEN@LAC,DEN,LAC,IR,Knee - acl,,,,WR/FLEX
69306-41155,WR,Taquan,Taquan Mizzell,Mizzell,,,4500,NYG@CHI,NYG,CHI,Q,Undisclosed,,,,WR/FLEX
69306-149717,RB,JaQuan,JaQuan Hardy,Hardy,0.30000001192092896,1,4500,ARI@DAL,DAL,ARI,O,Illness,,,,RB/FLEX
69306-63717,RB,Alec,Alec Ingold,Ingold,2.8000000544956754,7,4500,LV@IND,LV,IND,IR,Knee - acl,,,,RB/FLEX
69306-69860,RB,Trayveon,Trayveon Williams,Williams,1.2999999523162842,1,4500,KC@CIN,CIN,KC,,,,,,RB/FLEX
69306-28907,WR,Alex,Alex Erickson,Erickson,0.5833333333333334,12,4500,CAR@NO,CAR,NO,,,,,,WR/FLEX
69306-149742,RB,Nate,Nate McCrary,McCrary,-0.10000000149011612,1,4500,LAR@BAL,BAL,LAR,,,,,,RB/FLEX
69306-149743,WR,Donte,Donte Sylencieux,Sylencieux,,,4500,LAR@BAL,BAL,LAR,Q,Undisclosed,,,,WR/FLEX
69306-12526,D,Buffalo,Buffalo Bills,Bills,8.533333333333333,15,4500,ATL@BUF,BUF,ATL,,,,,,DEF
69306-94453,RB,Darwin,Darwin Thompson,Thompson,5.94000015258789,5,4500,TB@NYJ,TB,NYJ,,,,,,RB/FLEX
69306-53498,WR,Richie,Richie James,James,5.290000152587891,10,4500,HOU@SF,SF,HOU,IR,Knee,,,,WR/FLEX
69306-45307,WR,Rodney,Rodney Adams,Adams,0,1,4500,NYG@CHI,CHI,NYG,,,,,,WR/FLEX
69306-88317,RB,Javon,Javon Leake,Leake,0,1,4500,DET@SEA,DET,SEA,,,,,,RB/FLEX
69306-69884,RB,Darius,Darius Anderson,Anderson,0,1,4500,HOU@SF,HOU,SF,,,,,,RB/FLEX
69306-28930,RB,James,James White,White,8.40000025431315,3,4500,JAC@NE,NE,JAC,IR,Hip,,,,RB/FLEX
69306-41221,WR,Andre,Andre Patton,Patton,0,2,4500,PHI@WAS,PHI,WAS,,,,,,WR/FLEX
69306-65798,WR,Siaosi,Siaosi Mariner,Mariner,,,4500,LAR@BAL,BAL,LAR,,,,,,WR/FLEX
69306-69894,RB,Sewo,Sewo Olonilua,Olonilua,0,1,4500,ARI@DAL,DAL,ARI,IR,Neck,,,,RB/FLEX
69306-30989,RB,Kenyan,Kenyan Drake,Drake,7.291666666666667,12,4500,LV@IND,LV,IND,IR,Ankle,,,,RB/FLEX
69306-71955,RB,Mason,Mason Stokke,Stokke,,,4500,CAR@NO,CAR,NO,,,,,,RB/FLEX
69306-71957,WR,Quintez,Quintez Cephus,Cephus,8.38000030517578,5,4500,DET@SEA,DET,SEA,IR,Undisclosed,,,,WR/FLEX
69306-86295,RB,Michael,Michael Warren,Warren,0,2,4500,DET@SEA,DET,SEA,Q,Undisclosed,,,,RB/FLEX
69306-71974,WR,Malcolm,Malcolm Perry,Perry,2.2444445292154946,9,4500,CAR@NO,NO,CAR,,,,,,WR/FLEX
69306-57651,WR,Travis,Travis Fulgham,Fulgham,8.075000127156576,12,4500,DEN@LAC,DEN,LAC,,,,,,WR/FLEX
69306-24891,RB,Chris,Chris Thompson,Thompson,4.657142639160156,7,4500,NYG@CHI,CHI,NYG,,,,,,RB/FLEX
69306-45371,WR,Darius,Darius Phillips,Phillips,-0.36363636363636365,11,4500,KC@CIN,CIN,KC,IR,Illness,,,,WR/FLEX
69306-63806,RB,Kerryon,Kerryon Johnson,Johnson,4.449999945504325,14,4500,HOU@SF,SF,HOU,,,,,,RB/FLEX
69306-55635,WR,Chris,Chris Godwin,Godwin,13.814285278320312,14,4500,TB@NYJ,TB,NYJ,IR,Knee - acl + mcl,,,,WR/FLEX
69306-24929,WR,Kelvin,Kelvin Benjamin,Benjamin,,,4500,NYG@CHI,NYG,CHI,,,,,,WR/FLEX
69306-41319,WR,Jeff,Jeff Badet,Badet,0,2,4500,LV@IND,LV,IND,Q,Undisclosed,,,,WR/FLEX
69306-33137,WR,Justin,Justin Hardy,Hardy,,,4500,NYG@CHI,CHI,NYG,,,,,,WR/FLEX
69306-45439,WR,Corey,Corey Davis,Davis,9.799999660915798,9,4500,TB@NYJ,NYJ,TB,IR,Groin,,,,WR/FLEX
69306-70019,RB,Tavien,Tavien Feaster,Feaster,0,1,4500,ARI@DAL,ARI,DAL,,,,,,RB/FLEX
69306-70023,WR,Cornell,Cornell Powell,Powell,,,4500,KC@CIN,KC,CIN,,,,,,WR/FLEX
69306-55689,RB,Ito,Ito Smith,Smith,3.2533332824707033,15,4500,ARI@DAL,DAL,ARI,,,,,,RB/FLEX
69306-92552,WR,Brennan,Brennan Eagles,Eagles,,,4500,ARI@DAL,DAL,ARI,,,,,,WR/FLEX
69306-47501,WR,Marken,Marken Michel,Michel,0,2,4500,PHI@WAS,WAS,PHI,,,,,,WR/FLEX
69306-53646,WR,Austin,Austin Proehl,Proehl,,,4500,ATL@BUF,BUF,ATL,,,,,,WR/FLEX
69306-43416,WR,Trent,Trent Taylor,Taylor,0,2,4500,KC@CIN,CIN,KC,,,,,,WR/FLEX
69306-80281,WR,C.J.,C.J. Board,Board,1.2833333015441895,6,4500,NYG@CHI,NYG,CHI,IR,Arm,,,,WR/FLEX
69306-41370,WR,Trevor,Trevor Davis,Davis,0,2,4500,ATL@BUF,ATL,BUF,,,,,,WR/FLEX
69306-72091,RB,Raymond,Raymond Calais,Calais,0,5,4500,LAR@BAL,LAR,BAL,IR,Foot,,,,RB/FLEX
69306-41371,RB,Khalfani,Khalfani Muhammad,Muhammad,0,1,4500,ARI@DAL,ARI,DAL,,,,,,RB/FLEX
69306-72103,RB,Trey,Trey Ragas,Ragas,2.5,1,4500,LV@IND,LV,IND,,,,,,RB/FLEX
69306-80299,RB,Patrick,Patrick Ricard,Ricard,2.3857143947056363,7,4500,LAR@BAL,BAL,LAR,Q,Knee,,,,RB/FLEX
69306-147899,RB,Darius,Darius Clark,Clark,,,4500,CAR@NO,CAR,NO,Q,Knee,,,,RB/FLEX
69306-55750,WR,Chris,Chris Lacy,Lacy,0,1,4500,NYG@CHI,CHI,NYG,,,,,,WR/FLEX
69306-72135,WR,T.J.,T.J. Vasher,Vasher,,,4500,ARI@DAL,DAL,ARI,IR,Knee - meniscus,,,,WR/FLEX
69306-86472,WR,John,John Hightower,Hightower,0,1,4500,PHI@WAS,PHI,WAS,,,,,,WR/FLEX
69306-96714,WR,Travis,Travis Toivonen,Toivonen,,,4500,NYG@CHI,NYG,CHI,,,,,,WR/FLEX
69306-88525,WR,Kawaan,Kawaan Baker,Baker,,,4500,CAR@NO,NO,CAR,,,,,,WR/FLEX
69306-41430,WR,Devin,Devin Ross,Ross,0,1,4500,JAC@NE,NE,JAC,,,,,,WR/FLEX
69306-14820,RB,Nick,Nick Bellore,Bellore,0.8999999761581421,1,4500,DET@SEA,SEA,DET,,,,,,RB/FLEX
69306-88590,RB,Scottie,Scottie Phillips,Phillips,1.600000023841858,2,4500,HOU@SF,HOU,SF,IR,Ankle,,,,RB/FLEX
69306-96798,RB,Josh,Josh Johnson,Johnson,,,4500,DET@SEA,SEA,DET,,,,,,RB/FLEX
69306-72235,WR,Damon,Damon Hazelton,Hazelton,,,4500,HOU@SF,HOU,SF,,,,,,WR/FLEX
69306-70206,RB,Jason,Jason Huntley,Huntley,0.48000001907348633,5,4500,PHI@WAS,PHI,WAS,,,,,,RB/FLEX
69306-150090,WR,Cade,Cade Johnson,Johnson,,,4500,DET@SEA,SEA,DET,,,,,,WR/FLEX
69306-62042,WR,Deon,Deon Cain,Cain,0,1,4500,PHI@WAS,PHI,WAS,,,,,,WR/FLEX
69306-72297,RB,Rico,Rico Dowdle,Dowdle,0.8000000317891439,3,4500,ARI@DAL,DAL,ARI,IR,Hip,,,,RB/FLEX
69306-88685,WR,Austin,Austin Trammell,Trammell,,,4500,ATL@BUF,ATL,BUF,,,,,,WR/FLEX
69306-64119,RB,Chris,Chris Carson,Carson,11.274999618530273,4,4500,DET@SEA,SEA,DET,IR,Neck,,,,RB/FLEX
69306-33403,WR,Tevin,Tevin Jones,Jones,0,1,4500,JAC@NE,JAC,NE,,,,,,WR/FLEX
69306-94850,WR,Jhamon,Jhamon Ausbon,Ausbon,,,4500,PHI@WAS,PHI,WAS,,,,,,WR/FLEX
69306-55940,WR,Chad,Chad Hansen,Hansen,7.619999694824219,5,4500,ATL@BUF,ATL,BUF,,,,,,WR/FLEX
69306-90777,WR,Tre,Tre Walker,Walker,,,4500,ATL@BUF,BUF,ATL,,,,,,WR/FLEX
69306-47780,WR,Taywan,Taywan Taylor,Taylor,0,2,4500,HOU@SF,HOU,SF,Q,Undisclosed,,,,WR/FLEX
69306-29357,RB,Kenjon,Kenjon Barner,Barner,0,1,4500,TB@NYJ,TB,NYJ,,,,,,RB/FLEX
69306-64175,WR,Hakeem,Hakeem Butler,Butler,0,2,4500,PHI@WAS,PHI,WAS,,,,,,WR/FLEX
69306-96942,WR,Keelan,Keelan Doss,Doss,,,4500,TB@NYJ,NYJ,TB,,,,,,WR/FLEX
69306-58041,RB,Mike,Mike Boone,Boone,3.3499999046325684,2,4500,DEN@LAC,DEN,LAC,,,,,,RB/FLEX
69306-72382,RB,Gabe,Gabe Nabers,Nabers,0.949999988079071,4,4500,DEN@LAC,LAC,DEN,,,,,,RB/FLEX
69306-33472,RB,C.J.,C.J. Prosise,Prosise,2.0399999618530273,5,4500,TB@NYJ,TB,NYJ,,,,,,RB/FLEX
69306-64205,WR,Jalen,Jalen McCleskey,McCleskey,0,1,4500,CAR@NO,NO,CAR,,,,,,WR/FLEX
69306-53967,RB,Nick,Nick Bawden,Bawden,2.5,1,4500,TB@NYJ,NYJ,TB,,,,,,RB/FLEX
69306-88793,RB,Stevie,Stevie Scott III,Scott III,,,4500,DEN@LAC,DEN,LAC,,,,,,RB/FLEX
69306-64222,RB,Jordan,Jordan Glasgow,Glasgow,0,2,4500,LV@IND,IND,LV,,,,,,RB/FLEX
69306-56041,RB,Khari,Khari Blasingame,Blasingame,-0.5,2,4500,MIA@TEN,TEN,MIA,,,,,,RB/FLEX
69306-70383,RB,Darrynton,Darrynton Evans,Evans,2.799999952316284,1,4500,MIA@TEN,TEN,MIA,IR,Knee,,,,RB/FLEX
69306-64242,WR,Keke,Keke Coutee,Coutee,1,1,4500,LV@IND,IND,LV,,,,,,WR/FLEX
69306-56051,WR,Caleb,Caleb Scott,Scott,,,4500,LV@IND,LV,IND,Q,Undisclosed,,,,WR/FLEX
69306-54010,RB,Brian,Brian Hill,Hill,5.181250095367432,16,4500,HOU@SF,SF,HOU,,,,,,RB/FLEX
69306-64252,WR,Tony,Tony Brown,Brown,0,1,4500,PHI@WAS,WAS,PHI,,,,,,WR/FLEX
69306-56064,RB,Bo,Bo Scarbrough,Scarbrough,1.5499999523162842,2,4500,LV@IND,LV,IND,,,,,,RB/FLEX
69306-92932,RB,Javian,Javian Hawkins,Hawkins,,,4500,LAR@BAL,LAR,BAL,,,,,,RB/FLEX
69306-41741,WR,DaeSean,DaeSean Hamilton,Hamilton,4.233333269755046,12,4500,DEN@LAC,DEN,LAC,IR,Knee - acl,,,,WR/FLEX
69306-94993,RB,Pooka,Pooka Williams Jr.,Williams Jr.,0,1,4500,KC@CIN,CIN,KC,O,Suspension,,,,RB/FLEX
69306-56099,RB,Cullen,Cullen Gillaspia,Gillaspia,0.550000011920929,2,4500,NYG@CHI,NYG,CHI,,,,,,RB/FLEX
69306-31524,WR,Cody,Cody Core,Core,0,1,4500,MIA@TEN,MIA,TEN,,,,,,WR/FLEX
69306-92976,WR,Tutu,Tutu Atwell,Atwell,0,6,4500,LAR@BAL,LAR,BAL,IR,Shoulder,,,,WR/FLEX
69306-43826,WR,Tommylee,Tommylee Lewis,Lewis,0.6000000238418579,2,4500,MIA@TEN,MIA,TEN,Q,Hip,,,,WR/FLEX
69306-95031,WR,Isaiah,Isaiah McKoy,McKoy,,,4500,LV@IND,IND,LV,,,,,,WR/FLEX
69306-31561,WR,Donte,Donte Moncrief,Moncrief,0.40000001589457196,6,4500,HOU@SF,HOU,SF,Q,Undisclosed,,,,WR/FLEX
69306-27477,WR,Sterling,Sterling Shepard,Shepard,8.52857153756278,7,4500,NYG@CHI,NYG,CHI,IR,Achilles,,,,WR/FLEX
69306-64357,WR,Michael,Michael Walker,Walker,0,2,4500,PHI@WAS,PHI,WAS,Q,Undisclosed,,,,WR/FLEX
69306-72552,WR,Branden,Branden Mack,Mack,,,4500,DEN@LAC,DEN,LAC,,,,,,WR/FLEX
69306-31602,WR,Fred,Fred Brown,Brown,0,1,4500,MIA@TEN,TEN,MIA,,,,,,WR/FLEX
69306-93055,WR,Isaiah,Isaiah Hodgins,Hodgins,,,4500,ATL@BUF,BUF,ATL,,,,,,WR/FLEX
69306-41867,RB,Jordan,Jordan Wilkins,Wilkins,0,1,4500,MIA@TEN,TEN,MIA,,,,,,RB/FLEX
69306-91046,TE,Brock,Brock Wright,Wright,2.933333396911621,6,4500,DET@SEA,DET,SEA,,,,,,TE/FLEX
69306-25513,WR,Darius,Darius Jennings,Jennings,0,1,4500,DET@SEA,DET,SEA,,,,,,WR/FLEX
69306-54186,WR,A.J.,A.J. Richardson,Richardson,0,2,4500,ARI@DAL,ARI,DAL,,,,,,WR/FLEX
69306-45997,WR,Keith,Keith Kirkwood,Kirkwood,1.600000023841858,2,4500,CAR@NO,CAR,NO,,,,,,WR/FLEX
69306-103352,RB,Christian,Christian Wade,Wade,,,4500,ATL@BUF,BUF,ATL,O,Shoulder,,,,RB/FLEX
69306-43973,RB,Keith,Keith Smith,Smith,1.2399999618530273,10,4500,ATL@BUF,ATL,BUF,,,,,,RB/FLEX
69306-56262,WR,Parris,Parris Campbell,Campbell,5.44000015258789,5,4500,LV@IND,IND,LV,IR,Foot,,,,WR/FLEX
69306-93134,RB,Deon,Deon Jackson,Jackson,4.550000190734863,2,4500,LV@IND,IND,LV,,,,,,RB/FLEX
69306-72669,WR,Isaiah,Isaiah Wright,Wright,2.7333332697550454,12,4500,PHI@WAS,WAS,PHI,,,,,,WR/FLEX
69306-91101,TE,Tommy,Tommy Tremble,Tremble,2.9285714285714284,14,4500,CAR@NO,CAR,NO,,,,,,TE/FLEX
69306-41954,WR,Victor,Victor Bolden,Bolden,0,1,4500,DET@SEA,DET,SEA,,,,,,WR/FLEX
69306-72676,RB,Troymaine,Troymaine Pope,Pope,3.950000047683716,4,4500,TB@NYJ,TB,NYJ,Q,Undisclosed,,,,RB/FLEX
69306-31732,WR,Corey,Corey Coleman,Coleman,0,1,4500,NYG@CHI,NYG,CHI,,,,,,WR/FLEX
69306-48116,TE,Jonnu,Jonnu Smith,Smith,3.8384616558368387,13,4500,JAC@NE,NE,JAC,,,,,,TE/FLEX
69306-70645,WR,Eli,Eli Stove,Stove,,,4500,DEN@LAC,LAC,DEN,Q,Knee - acl,,,,WR/FLEX
69306-72693,RB,Adrian,Adrian Killins,Killins,-0.25,2,4500,DEN@LAC,DEN,LAC,IR,Ankle,,,,RB/FLEX
69306-29685,WR,Robert,Robert Woods,Woods,12.744444105360243,9,4500,LAR@BAL,LAR,BAL,IR,Knee - acl,,,,WR/FLEX
69306-39930,WR,Reggie,Reggie Davis,Davis,0,2,4500,ARI@DAL,DAL,ARI,,,,,,WR/FLEX
69306-70663,WR,Frank,Frank Darby,Darby,1.899999976158142,1,4500,ATL@BUF,ATL,BUF,,,,,,WR/FLEX
69306-54280,WR,Duke,Duke Williams,Williams,,,4500,ATL@BUF,BUF,ATL,Q,Hamstring,,,,WR/FLEX
69306-41997,WR,River,River Cracraft,Cracraft,1.4199999809265136,5,4500,HOU@SF,SF,HOU,,,,,,WR/FLEX
69306-72718,RB,Benny,Benny LeMay,LeMay,0,1,4500,LV@IND,IND,LV,,,,,,RB/FLEX
69306-27671,WR,Jake,Jake Kumerow,Kumerow,0.5999999841054281,3,4500,ATL@BUF,BUF,ATL,,,,,,WR/FLEX
69306-70680,WR,Jalen,Jalen Camp,Camp,,,4500,HOU@SF,HOU,SF,,,,,,WR/FLEX
69306-154661,WR,Michael,Michael Bandy,Bandy,0,1,4500,DEN@LAC,LAC,DEN,,,,,,WR/FLEX
69306-148546,WR,Darece,Darece Roberson Jr.,Roberson Jr.,,,4500,DET@SEA,SEA,DET,,,,,,WR/FLEX
69306-89157,RB,Caleb,Caleb Huntley,Huntley,,,4500,ATL@BUF,ATL,BUF,,,,,,RB/FLEX
69306-44103,RB,Elijah,Elijah McGuire,McGuire,0,1,4500,KC@CIN,KC,CIN,,,,,,RB/FLEX
69306-62535,WR,Tyrell,Tyrell Williams,Williams,2.4000000953674316,1,4500,DET@SEA,DET,SEA,Q,Concussion,,,,WR/FLEX
69306-27721,WR,Justin,Justin Hardee Sr.,Hardee Sr.,,,4500,TB@NYJ,NYJ,TB,,,,,,WR/FLEX
69306-68685,WR,Austin,Austin Mack,Mack,2.5200000762939454,5,4500,HOU@SF,SF,HOU,,,,,,WR/FLEX
69306-72780,RB,Josh,Josh Hokit,Hokit,0,1,4500,HOU@SF,SF,HOU,,,,,,RB/FLEX
69306-68686,WR,C.J.,C.J. Saunders,Saunders,,,4500,CAR@NO,CAR,NO,,,,,,WR/FLEX
69306-91214,WR,Stephen,Stephen Guidry,Guidry,0,1,4500,ARI@DAL,DAL,ARI,,,,,,WR/FLEX
69306-87122,WR,Lynn,Lynn Bowden Jr.,Bowden Jr.,3.9580001831054688,10,4500,MIA@TEN,MIA,TEN,IR,Hamstring,,,,WR/FLEX
69306-68694,RB,Antonio,Antonio Williams,Williams,20.799999237060547,1,4500,ATL@BUF,BUF,ATL,Q,Neck,,,,RB/FLEX
69306-70749,WR,Ryan,Ryan Becker,Becker,0,2,4500,ATL@BUF,ATL,BUF,Q,Undisclosed,,,,WR/FLEX
69306-64627,WR,Scotty,Scotty Washington,Washington,0,1,4500,KC@CIN,CIN,KC,,,,,,WR/FLEX
69306-52345,WR,Brandon,Brandon Powell,Powell,1.5,4,4500,LAR@BAL,LAR,BAL,,,,,,WR/FLEX
69306-64634,WR,Alex,Alex Bachman,Bachman,0,1,4500,NYG@CHI,NYG,CHI,,,,,,WR/FLEX
69306-42107,WR,Robert,Robert Foster,Foster,1.566666603088379,3,4500,ARI@DAL,DAL,ARI,,,,,,WR/FLEX
69306-83083,WR,Justin,Justin Watson,Watson,2.5799999237060547,5,4500,TB@NYJ,TB,NYJ,,,,,,WR/FLEX
69306-89230,RB,Cam,Cam Akers,Akers,9.266666666666667,15,4500,LAR@BAL,LAR,BAL,Q,Achilles,,,,RB/FLEX
69306-83091,RB,Trenton,Trenton Cannon,Cannon,-0.1777777804268731,9,4500,HOU@SF,SF,HOU,IR,Concussion,,,,RB/FLEX
69306-25760,WR,Allen,Allen Hurns,Hurns,0,1,4500,MIA@TEN,MIA,TEN,IR,Undisclosed,,,,WR/FLEX
69306-91305,WR,Jeremiah,Jeremiah Haydel,Haydel,,,4500,LAR@BAL,LAR,BAL,,,,,,WR/FLEX
69306-52397,RB,Devante,Devante Downs,Downs,0,1,4500,NYG@CHI,NYG,CHI,,,,,,RB/FLEX
69306-52405,WR,Jalen,Jalen Hurd,Hurd,0,1,4500,HOU@SF,SF,HOU,O,Knee,,,,WR/FLEX
69306-52409,RB,Jakob,Jakob Johnson,Johnson,2.1000000635782876,3,4500,JAC@NE,NE,JAC,,,,,,RB/FLEX
69306-89287,WR,Tamorrion,Tamorrion Terry,Terry,,,4500,DET@SEA,SEA,DET,,,,,,WR/FLEX
69306-70859,TE,Albert,Albert Okwuegbunam,Okwuegbunam,4.833333333333333,12,4500,DEN@LAC,DEN,LAC,,,,,,TE/FLEX
69306-64718,WR,Kai,Kai Locksley,Locksley,,,4500,MIA@TEN,MIA,TEN,,,,,,WR/FLEX
69306-40148,WR,Ishmael,Ishmael Hyman,Hyman,0,2,4500,CAR@NO,CAR,NO,,,,,,WR/FLEX
69306-70868,RB,Damarea,Damarea Crockett,Crockett,0.699999988079071,1,4500,DEN@LAC,DEN,LAC,,,,,,RB/FLEX
69306-130265,WR,John,John Hurst,Hurst,,,4500,TB@NYJ,TB,NYJ,,,,,,WR/FLEX
69306-130268,WR,Josh,Josh Pearson,Pearson,,,4500,TB@NYJ,TB,NYJ,,,,,,WR/FLEX
69306-68835,RB,CJ,CJ Marable,Marable,,,4500,NYG@CHI,CHI,NYG,,,,,,RB/FLEX
69306-130275,WR,Kristian,Kristian Wilkerson,Wilkerson,0,1,4500,JAC@NE,NE,JAC,,,,,,WR/FLEX
69306-130274,WR,Isaiah,Isaiah Coulter,Coulter,0,1,4500,NYG@CHI,CHI,NYG,O,Undisclosed,,,,WR/FLEX
69306-130276,WR,Mason,Mason Kinsey,Kinsey,0,1,4500,MIA@TEN,TEN,MIA,,,,,,WR/FLEX
69306-130279,WR,Matt,Matt Cole,Cole,0,1,4500,DET@SEA,SEA,DET,,,,,,WR/FLEX
69306-40167,RB,Gus,Gus Edwards,Edwards,7.316666497124566,18,4500,LAR@BAL,BAL,LAR,IR,Knee - acl,,,,RB/FLEX
69306-64744,RB,Josh,Josh Adams,Adams,4.7999997820172995,7,4500,CAR@NO,NO,CAR,,,,,,RB/FLEX
69306-11504,WR,Andre,Andre Roberts,Roberts,0.3000000073359563,13,4500,DEN@LAC,LAC,DEN,IR,Illness,,,,WR/FLEX
69306-130288,RB,James,James Robinson,Robinson,11.314285278320312,14,4500,JAC@NE,JAC,NE,IR,Achilles,,,,RB/FLEX
69306-72955,WR,Antonio,Antonio Nunn,Nunn,,,4500,ATL@BUF,ATL,BUF,,,,,,WR/FLEX
69306-89342,WR,Jonathan,Jonathan Adams Jr.,Adams Jr.,,,4500,DET@SEA,DET,SEA,,,,,,WR/FLEX
69306-130309,WR,J.J.,J.J. Koski,Koski,-0.6666666666666666,3,4500,LAR@BAL,LAR,BAL,,,,,,WR/FLEX
69306-130315,WR,Chris,Chris Rowland,Rowland,0,2,4500,MIA@TEN,TEN,MIA,,,,,,WR/FLEX
69306-130317,WR,Juwan,Juwan Green,Green,0,1,4500,ATL@BUF,ATL,BUF,,,,,,WR/FLEX
69306-130318,RB,Mikey,Mikey Daniel,Daniel,0,1,4500,CAR@NO,CAR,NO,,,,,,RB/FLEX
69306-130320,WR,Aaron,Aaron Parker,Parker,0,1,4500,CAR@NO,CAR,NO,O,Undisclosed,,,,WR/FLEX
69306-72981,WR,Aleva,Aleva Hifo,Hifo,,,4500,ARI@DAL,ARI,DAL,,,,,,WR/FLEX
69306-130326,WR,Manasseh,Manasseh Bailey,Bailey,0,1,4500,TB@NYJ,NYJ,TB,,,,,,WR/FLEX
69306-34073,TE,Ryan,Ryan Griffin,Griffin,3.6857141767229353,14,4500,TB@NYJ,NYJ,TB,IR,Undisclosed,,,,TE/FLEX
69306-68890,WR,Devin,Devin Gray,Gray,0,1,4500,LAR@BAL,BAL,LAR,,,,,,WR/FLEX
69306-60704,WR,Derrick,Derrick Dillon,Dillon,0,1,4500,NYG@CHI,NYG,CHI,Q,Undisclosed,,,,WR/FLEX
69306-29985,WR,Jaydon,Jaydon Mickens,Mickens,0.2,10,4500,JAC@NE,JAC,NE,,,,,,WR/FLEX
69306-60705,WR,Tyron,Tyron Johnson,Johnson,0.5199999809265137,5,4500,LV@IND,LV,IND,,,,,,WR/FLEX
69306-130336,RB,Sandro,Sandro Platzgummer,Platzgummer,0,1,4500,NYG@CHI,NYG,CHI,,,,,,RB/FLEX
69306-130338,WR,Rysen,Rysen John,John,0,1,4500,NYG@CHI,NYG,CHI,IR,Ankle,,,,WR/FLEX
69306-68901,RB,Gerrid,Gerrid Doaks,Doaks,,,4500,MIA@TEN,MIA,TEN,,,,,,RB/FLEX
69306-91428,WR,Tarik,Tarik Black,Black,,,4500,TB@NYJ,NYJ,TB,,,,,,WR/FLEX
69306-46374,WR,Tanner,Tanner Gentry,Gentry,,,4500,ATL@BUF,BUF,ATL,,,,,,WR/FLEX
69306-91431,RB,Ben,Ben Mason,Mason,,,4500,NYG@CHI,CHI,NYG,,,,,,RB/FLEX
69306-130343,WR,Jeff,Jeff Cotton Jr.,Cotton Jr.,0,1,4500,JAC@NE,JAC,NE,,,,,,WR/FLEX
69306-130345,WR,Michael,Michael Dereus,Dereus,0,1,4500,LAR@BAL,BAL,LAR,,,,,,WR/FLEX
69306-89384,WR,DeMichael,DeMichael Harris,Harris,2.9166666666666665,6,4500,LV@IND,IND,LV,,,,,,WR/FLEX
69306-130350,WR,Jaylon,Jaylon Moore,Moore,0,1,4500,LAR@BAL,BAL,LAR,,,,,,WR/FLEX
69306-64828,WR,Chris,Chris Finke,Finke,0,1,4500,KC@CIN,KC,CIN,Q,Undisclosed,,,,WR/FLEX
69306-64835,RB,Dexter,Dexter Williams,Williams,0.4000000059604645,2,4500,MIA@TEN,MIA,TEN,,,,,,RB/FLEX
69306-52553,WR,De'Mornay,De'Mornay Pierson-El,Pierson-El,,,4500,DEN@LAC,DEN,LAC,,,,,,WR/FLEX
69306-54606,WR,John,John Brown,Brown,0,3,4500,JAC@NE,JAC,NE,,,,,,WR/FLEX
69306-52560,WR,Geronimo,Geronimo Allison,Allison,0,1,4500,DET@SEA,DET,SEA,,,,,,WR/FLEX
69306-73046,WR,Tre,Tre Nixon,Nixon,,,4500,JAC@NE,NE,JAC,,,,,,WR/FLEX
69306-89437,WR,Tim,Tim Jones,Jones,,,4500,JAC@NE,JAC,NE,,,,,,WR/FLEX
69306-60765,WR,Brian,Brian Cole,Cole,0,1,4500,CAR@NO,CAR,NO,,,,,,WR/FLEX
69306-34154,WR,J.J.,J.J. Nelson,Nelson,0,1,4500,LV@IND,IND,LV,Q,Groin,,,,WR/FLEX
69306-52598,WR,Johnnie,Johnnie Dixon,Dixon,0,2,4500,ARI@DAL,DAL,ARI,,,,,,WR/FLEX
69306-71039,WR,Kelvin,Kelvin Harmon,Harmon,0,1,4500,PHI@WAS,WAS,PHI,,,,,,WR/FLEX
69306-64901,RB,Cameron,Cameron Scarlett,Scarlett,,,4500,DET@SEA,SEA,DET,,,,,,RB/FLEX
69306-64905,WR,Trenton,Trenton Irwin,Irwin,1,3,4500,KC@CIN,CIN,KC,,,,,,WR/FLEX
69306-28055,WR,Amara,Amara Darboh,Darboh,0,1,4500,DEN@LAC,DEN,LAC,,,,,,WR/FLEX
69306-73116,WR,Javon,Javon McKinley,McKinley,,,4500,DET@SEA,DET,SEA,,,,,,WR/FLEX
69306-64926,WR,Michael,Michael Jacquet III,Jacquet III,0,1,4500,JAC@NE,JAC,NE,,,,,,WR/FLEX
69306-32161,WR,Gehrig,Gehrig Dieter,Dieter,1.5,1,4500,KC@CIN,KC,CIN,,,,,,WR/FLEX
69306-44449,WR,Willie,Willie Snead IV,Snead IV,0.8285714558192662,7,4500,CAR@NO,CAR,NO,,,,,,WR/FLEX
69306-60835,WR,Isaac,Isaac Whitney,Whitney,,,4500,ARI@DAL,ARI,DAL,,,,,,WR/FLEX
69306-60838,WR,Andre,Andre Baccellia,Baccellia,0,1,4500,ARI@DAL,ARI,DAL,,,,,,WR/FLEX
69306-62891,WR,Omar,Omar Bayless,Bayless,0,2,4500,CAR@NO,CAR,NO,,,,,,WR/FLEX
69306-28080,WR,Devin,Devin Funchess,Funchess,,,4500,HOU@SF,SF,HOU,Q,Undisclosed,,,,WR/FLEX
69306-64962,RB,LeVante,LeVante Bellamy,Bellamy,0.6999999682108561,3,4500,DEN@LAC,DEN,LAC,Q,Ankle,,,,RB/FLEX
69306-26057,RB,Michael,Michael Burton,Burton,1.625,8,4500,KC@CIN,KC,CIN,,,,,,RB/FLEX
69306-64973,WR,Micah,Micah Simon,Simon,,,4500,CAR@NO,CAR,NO,,,,,,WR/FLEX
69306-69068,RB,Jonathan,Jonathan Ward,Ward,1.100000023841858,4,4500,ARI@DAL,ARI,DAL,,,,,,RB/FLEX
69306-64974,RB,Francis,Francis Bernard,Bernard,0,1,4500,ARI@DAL,DAL,ARI,IR,Groin,,,,RB/FLEX
69306-71120,WR,Riley,Riley Lees,Lees,,,4500,KC@CIN,CIN,KC,,,,,,WR/FLEX
69306-103896,WR,Nsimba,Nsimba Webster,Webster,0,3,4500,NYG@CHI,CHI,NYG,,,,,,WR/FLEX
69306-21980,WR,Alshon,Alshon Jeffery,Jeffery,2.5625,8,4500,PHI@WAS,PHI,WAS,,,,,,WR/FLEX
69306-73180,WR,Binjimen,Binjimen Victor,Victor,0,1,4500,LAR@BAL,BAL,LAR,,,,,,WR/FLEX
69306-28157,WR,Bennie,Bennie Fowler III,Fowler III,2.0999999046325684,1,4500,HOU@SF,SF,HOU,,,,,,WR/FLEX
69306-103943,WR,Trinity,Trinity Benson,Benson,1.8666666348775227,6,4500,DET@SEA,DET,SEA,IR,Undisclosed,,,,WR/FLEX
69306-89613,WR,Simi,Simi Fehoko,Fehoko,,,4500,ARI@DAL,DAL,ARI,IR,Undisclosed,,,,WR/FLEX
69306-22035,WR,Travis,Travis Benjamin,Benjamin,-0.6666666666666666,3,4500,HOU@SF,SF,HOU,,,,,,WR/FLEX
69306-22037,RB,Lamar,Lamar Miller,Miller,0.5333333412806193,3,4500,CAR@NO,NO,CAR,,,,,,RB/FLEX
69306-28181,RB,Le'Veon,Le'Veon Bell,Bell,3.433333396911621,6,4500,TB@NYJ,TB,NYJ,,,,,,RB/FLEX
69306-69150,WR,Jordan,Jordan Veasy,Veasy,0,1,4500,HOU@SF,HOU,SF,,,,,,WR/FLEX
69306-54817,WR,Diontae,Diontae Spencer,Spencer,-0.12857142516544887,14,4500,DEN@LAC,DEN,LAC,,,,,,WR/FLEX
69306-89632,WR,Connor,Connor Wedington,Wedington,,,4500,HOU@SF,SF,HOU,,,,,,WR/FLEX
69306-38444,RB,Tyler,Tyler Gaffney,Gaffney,,,4500,JAC@NE,NE,JAC,,,,,,RB/FLEX
69306-63025,RB,Nathan,Nathan Cottrell,Cottrell,0.30000001192092896,1,4500,JAC@NE,JAC,NE,,,,,,RB/FLEX
69306-60978,RB,Carl,Carl Tucker,Tucker,,,4500,MIA@TEN,MIA,TEN,,,,,,RB/FLEX
69306-60983,WR,Anthony,Anthony Ratliff-Williams,Ratliff-Williams,,,4500,DET@SEA,SEA,DET,,,,,,WR/FLEX
69306-71228,WR,Marquez,Marquez Stevenson,Stevenson,0,4,4500,ATL@BUF,BUF,ATL,,,,,,WR/FLEX
69306-103998,WR,Thomas,Thomas Ives,Ives,0,2,4500,NYG@CHI,CHI,NYG,Q,Undisclosed,,,,WR/FLEX
69306-87617,WR,Sage,Sage Surratt,Surratt,,,4500,DET@SEA,DET,SEA,,,,,,WR/FLEX
69306-54863,WR,C.J.,C.J. Goodwin,Goodwin,0,5,4500,ARI@DAL,DAL,ARI,,,,,,WR/FLEX
69306-63061,WR,Gary,Gary Jennings,Jennings,0,1,4500,LV@IND,LV,IND,,,,,,WR/FLEX
69306-69215,WR,Josh,Josh Imatorbhebhe,Imatorbhebhe,,,4500,JAC@NE,JAC,NE,,,,,,WR/FLEX
69306-22113,RB,Alfred,Alfred Morris,Morris,3.9200000762939453,10,4500,NYG@CHI,NYG,CHI,,,,,,RB/FLEX
69306-87657,WR,Seth,Seth Williams,Williams,,,4500,DEN@LAC,DEN,LAC,,,,,,WR/FLEX
69306-71280,WR,Kalija,Kalija Lipscomb,Lipscomb,,,4500,MIA@TEN,TEN,MIA,,,,,,WR/FLEX
69306-38514,WR,Kevin,Kevin White,White,1.433333396911621,3,4500,CAR@NO,NO,CAR,O,Illness,,,,WR/FLEX
69306-56946,WR,Ventell,Ventell Bryant,Bryant,0,1,4500,CAR@NO,CAR,NO,,,,,,WR/FLEX
69306-38523,TE,Geoff,Geoff Swaim,Swaim,3.2428572518484935,14,4500,MIA@TEN,TEN,MIA,,,,,,TE/FLEX
69306-93824,WR,Easop,Easop Winston Jr.,Winston Jr.,0.3333333333333333,3,4500,CAR@NO,NO,CAR,,,,,,WR/FLEX
69306-61060,RB,Devine,Devine Ozigbo,Ozigbo,0.8999999761581421,1,4500,JAC@NE,NE,JAC,,,,,,RB/FLEX
69306-91783,WR,Warren,Warren Jackson,Jackson,,,4500,LAR@BAL,LAR,BAL,,,,,,WR/FLEX
69306-61072,WR,Stanley,Stanley Morgan,Morgan,0.26666667064030963,3,4500,KC@CIN,CIN,KC,,,,,,WR/FLEX
69306-52902,WR,Trey,Trey Quinn,Quinn,0,3,4500,LV@IND,LV,IND,Q,Undisclosed,,,,WR/FLEX
69306-7856,WR,Matthew,Matthew Slater,Slater,0,1,4500,JAC@NE,NE,JAC,,,,,,WR/FLEX
69306-52917,WR,DJ,DJ Chark Jr.,Chark Jr.,10.299999872843424,3,4500,JAC@NE,JAC,NE,IR,Ankle,,,,WR/FLEX
69306-89785,RB,Spencer,Spencer Brown,Brown,,,4500,CAR@NO,CAR,NO,,,,,,RB/FLEX
69306-71355,RB,Elijah,Elijah Holyfield,Holyfield,0,1,4500,KC@CIN,CIN,KC,,,,,,RB/FLEX
69306-71359,WR,Javon,Javon Wims,Wims,1.5727272033691406,11,4500,LV@IND,LV,IND,,,,,,WR/FLEX
69306-69310,WR,Josh,Josh Hammond,Hammond,0,2,4500,JAC@NE,JAC,NE,,,,,,WR/FLEX
69306-73406,WR,DeVontres,DeVontres Dukes,Dukes,,,4500,DEN@LAC,DEN,LAC,Q,Undisclosed,,,,WR/FLEX
69306-71372,WR,Tyrie,Tyrie Cleveland,Cleveland,0,1,4500,DEN@LAC,DEN,LAC,,,,,,WR/FLEX
69306-65231,RB,Adam,Adam Prentice,Prentice,0.8500000238418579,2,4500,CAR@NO,NO,CAR,,,,,,RB/FLEX
69306-85714,RB,Tory,Tory Carter,Carter,0,1,4500,MIA@TEN,TEN,MIA,IR,Ankle,,,,RB/FLEX
69306-71382,WR,Osirus,Osirus Mitchell,Mitchell,,,4500,ARI@DAL,DAL,ARI,,,,,,WR/FLEX
69306-89817,WR,Austin,Austin Watkins Jr.,Watkins Jr.,,,4500,HOU@SF,SF,HOU,,,,,,WR/FLEX
69306-69343,WR,Landen,Landen Akers,Akers,,,4500,LAR@BAL,LAR,BAL,,,,,,WR/FLEX
69306-63201,RB,Xavier,Xavier Jones,Jones,0,3,4500,LAR@BAL,LAR,BAL,IR,Achilles,,,,RB/FLEX
69306-40674,WR,Jester,Jester Weah,Weah,0,1,4500,NYG@CHI,CHI,NYG,,,,,,WR/FLEX
69306-57064,RB,Ryan,Ryan Nall,Nall,0.6499999761581421,2,4500,NYG@CHI,CHI,NYG,,,,,,RB/FLEX
69306-87787,RB,J.K.,J.K. Dobbins,Dobbins,10.617647058823529,17,4500,LAR@BAL,BAL,LAR,IR,Knee - acl,,,,RB/FLEX
69306-71414,WR,Quartney,Quartney Davis,Davis,,,4500,LV@IND,IND,LV,IR,Shoulder,,,,WR/FLEX
69306-55050,RB,Christian,Christian McCaffrey,McCaffrey,15.571428571428571,7,4500,CAR@NO,CAR,NO,IR,Ankle,,,,RB/FLEX
69306-61200,WR,Jaylinn,Jaylinn Hawkins,Hawkins,0,1,4500,ATL@BUF,ATL,BUF,,,,,,WR/FLEX
69306-65331,RB,Sutton,Sutton Smith,Smith,0,1,4500,LV@IND,LV,IND,,,,,,RB/FLEX
69306-32564,WR,Josh,Josh Doctson,Doctson,0,1,4500,ARI@DAL,ARI,DAL,,,,,,WR/FLEX
69306-71477,WR,Maurice,Maurice Ffrench,Ffrench,0.30000001192092896,1,4500,DEN@LAC,LAC,DEN,,,,,,WR/FLEX
69306-73551,WR,Stantley,Stantley Thomas-Oliver III,Thomas-Oliver III,0,2,4500,CAR@NO,CAR,NO,,,,,,WR/FLEX
69306-28502,WR,Devin,Devin Smith,Smith,0,1,4500,CAR@NO,CAR,NO,,,,,,WR/FLEX
69306-63319,WR,K.J.,K.J. Hill,Hill,0.75,6,4500,DEN@LAC,LAC,DEN,,,,,,WR/FLEX
69306-104278,TE,Donald,Donald Parham Jr.,Parham Jr.,4.083333333333333,12,4500,DEN@LAC,LAC,DEN,IR,Concussion,,,,TE/FLEX
69306-71519,WR,Dillon,Dillon Stoner,Stoner,,,4500,LV@IND,LV,IND,,,,,,WR/FLEX
69306-71521,RB,Justice,Justice Hill,Hill,1.3125,8,4500,LAR@BAL,BAL,LAR,IR,Achilles,,,,RB/FLEX
69306-63330,RB,Mike,Mike Weber,Weber,,,4500,NYG@CHI,NYG,CHI,Q,Hip,,,,RB/FLEX
69306-89956,RB,Travis,Travis Etienne,Etienne,,,4500,JAC@NE,JAC,NE,IR,Foot,,,,RB/FLEX
69306-57208,WR,KeeSean,KeeSean Johnson,Johnson,2.4799999237060546,10,4500,PHI@WAS,PHI,WAS,,,,,,WR/FLEX
69306-63360,WR,Antonio,Antonio Callaway,Callaway,0.75,4,4500,KC@CIN,KC,CIN,Q,Knee,,,,WR/FLEX
69306-28545,RB,Rod,Rod Smith,Smith,0,1,4500,CAR@NO,CAR,NO,,,,,,RB/FLEX
69306-69518,WR,T.J.,T.J. Simmons Jr.,Simmons Jr.,,,4500,TB@NYJ,TB,NYJ,,,,,,WR/FLEX
69306-63383,RB,Jordan,Jordan Scarlett,Scarlett,0,2,4500,MIA@TEN,MIA,TEN,,,,,,RB/FLEX
69306-71578,RB,Artavis,Artavis Pierce,Pierce,0,1,4500,NYG@CHI,CHI,NYG,,,,,,RB/FLEX
69306-28573,WR,Michael,Michael Thomas,Thomas,8.855555216471354,9,4500,CAR@NO,NO,CAR,NA,Ankle,,,,WR/FLEX
69306-40866,WR,J'Mon,J'Mon Moore,Moore,0,1,4500,ATL@BUF,ATL,BUF,Q,Undisclosed,,,,WR/FLEX
69306-63399,WR,Terry,Terry Godwin,Godwin,1.25,4,4500,JAC@NE,JAC,NE,IR,Undisclosed,,,,WR/FLEX
69306-34729,RB,Dwayne,Dwayne Washington,Washington,0.949999988079071,4,4500,CAR@NO,NO,CAR,IR,Undisclosed,,,,RB/FLEX
69306-69558,WR,Greg,Greg Dortch,Dortch,0,2,4500,ARI@DAL,ARI,DAL,,,,,,WR/FLEX
69306-61379,RB,Kerrith,Kerrith Whyte Jr.,Whyte Jr.,0,1,4500,DEN@LAC,DEN,LAC,,,,,,RB/FLEX
69306-71661,WR,Tino,Tino Ellis,Ellis,,,4500,MIA@TEN,MIA,TEN,,,,,,WR/FLEX
69306-104429,WR,Khalil,Khalil McClain,McClain,,,4500,MIA@TEN,MIA,TEN,,,,,,WR/FLEX
69306-65518,WR,John,John Ursua,Ursua,0,1,4500,DET@SEA,SEA,DET,IR,Knee - acl,,,,WR/FLEX
69306-14319,RB,Taiwan,Taiwan Jones,Jones,0,1,4500,ATL@BUF,BUF,ATL,,,,,,RB/FLEX
69306-71662,WR,DJ,DJ Turner,Turner,,,4500,LV@IND,LV,IND,,,,,,WR/FLEX
69306-12550,D,Seattle,Seattle Seahawks,Seahawks,5.533333333333333,15,4400,DET@SEA,SEA,DET,,,,,,DEF
69306-29277,TE,Stephen,Stephen Anderson,Anderson,2.9200000762939453,10,4400,DEN@LAC,LAC,DEN,,,,,,TE/FLEX
69306-93143,TE,Noah,Noah Gray,Gray,2,6,4400,KC@CIN,KC,CIN,,,,,,TE/FLEX
69306-62505,TE,MyCole,MyCole Pruitt,Pruitt,3.772727272727273,11,4400,MIA@TEN,TEN,MIA,,,,,,TE/FLEX
69306-42046,TE,Durham,Durham Smythe,Smythe,3.3538460364708533,13,4400,MIA@TEN,MIA,TEN,,,,,,TE/FLEX
69306-28570,TE,Nick,Nick Vannett,Vannett,3.7166665395100913,6,4400,CAR@NO,NO,CAR,,,,,,TE/FLEX
69306-14237,TE,Kyle,Kyle Rudolph,Rudolph,3.3076923076923075,13,4400,NYG@CHI,NYG,CHI,,,,,,TE/FLEX
69306-57338,TE,Jordan,Jordan Akins,Akins,2.4750000635782876,12,4400,HOU@SF,HOU,SF,,,,,,TE/FLEX
69306-12545,D,Philadelphia,Philadelphia Eagles,Eagles,7.2,15,4300,PHI@WAS,PHI,WAS,,,,,,DEF
69306-39286,TE,O.J.,O.J. Howard,Howard,2.9444444444444446,9,4300,TB@NYJ,TB,NYJ,,,,,,TE/FLEX
69306-31169,TE,Jeremy,Jeremy Sprinkle,Sprinkle,3.0999999046325684,1,4300,ARI@DAL,DAL,ARI,,,,,,TE/FLEX
69306-29411,TE,Pharaoh,Pharaoh Brown,Brown,2.290909160267223,11,4300,HOU@SF,HOU,SF,,,,,,TE/FLEX
69306-54007,TE,Jacob,Jacob Hollister,Hollister,2.6200000762939455,5,4300,JAC@NE,JAC,NE,IR,Undisclosed,,,,TE/FLEX
69306-27403,TE,Blake,Blake Bell,Bell,0.9,10,4300,KC@CIN,KC,CIN,,,,,,TE/FLEX
69306-130270,TE,Adam,Adam Trautman,Trautman,4.15,10,4300,CAR@NO,NO,CAR,IR,Illness,,,,TE/FLEX
69306-56708,TE,Will,Will Dissly,Dissly,3.48181811246005,11,4300,DET@SEA,SEA,DET,,,,,,TE/FLEX
69306-56711,TE,Drew,Drew Sample,Sample,1.7571428843906947,7,4300,KC@CIN,CIN,KC,,,,,,TE/FLEX
69306-71351,TE,Charlie,Charlie Woerner,Woerner,1.9249999523162842,4,4300,HOU@SF,SF,HOU,,,,,,TE/FLEX
69306-14348,TE,Lee,Lee Smith,Smith,2.8333333333333335,6,4200,ATL@BUF,ATL,BUF,,,,,,TE/FLEX
69306-79967,TE,Adam,Adam Shaheen,Shaheen,2.4285714285714284,7,4200,MIA@TEN,MIA,TEN,,,,,,TE/FLEX
69306-12530,D,Dallas,Dallas Cowboys,Cowboys,11.933333333333334,15,4200,ARI@DAL,DAL,ARI,,,,,,DEF
69306-12543,D,New York,New York Giants,Giants,5.133333333333334,15,4200,NYG@CHI,NYG,CHI,,,,,,DEF
69306-149832,TE,Shane,Shane Zylstra,Zylstra,2.450000047683716,2,4200,DET@SEA,DET,SEA,O,Kneecap,,,,TE/FLEX
69306-41469,TE,Darrell,Darrell Daniels,Daniels,0.16666666666666666,3,4200,ARI@DAL,ARI,DAL,,,,,,TE/FLEX
69306-55895,TE,Kendall,Kendall Blanton,Blanton,1.4249999523162842,4,4200,LAR@BAL,LAR,BAL,,,,,,TE/FLEX
69306-29314,TE,Richard,Richard Rodgers,Rodgers,7.3125,8,4200,PHI@WAS,PHI,WAS,,,,,,TE/FLEX
69306-72515,TE,Ian,Ian Thomas,Thomas,1.7692307692307692,13,4200,CAR@NO,CAR,NO,,,,,,TE/FLEX
69306-56212,TE,Tommy,Tommy Sweeney,Sweeney,2.1285713740757535,7,4200,ATL@BUF,BUF,ATL,,,,,,TE/FLEX
69306-70705,TE,Trevon,Trevon Wesco,Wesco,1.25,4,4200,TB@NYJ,NYJ,TB,IR,Knee - mcl,,,,TE/FLEX
69306-68730,TE,Sean,Sean McKeon,McKeon,2.674999952316284,4,4200,ARI@DAL,DAL,ARI,,,,,,TE/FLEX
69306-83138,TE,Ross,Ross Dwelley,Dwelley,3.2750000953674316,4,4200,HOU@SF,SF,HOU,,,,,,TE/FLEX
69306-64808,TE,Juwan,Juwan Johnson,Johnson,4.277777777777778,9,4200,CAR@NO,NO,CAR,IR,Illness,,,,TE/FLEX
69306-73176,TE,Luke,Luke Farrell,Farrell,1.1285714421953474,7,4200,JAC@NE,JAC,NE,IR,Illness,,,,TE/FLEX
69306-71143,TE,Kylen,Kylen Granson,Granson,1.6100000381469726,10,4200,LV@IND,IND,LV,,,,,,TE/FLEX
69306-18009,TE,Chris,Chris Manhertz,Manhertz,2.3000000544956754,7,4200,JAC@NE,JAC,NE,IR,Illness,,,,TE/FLEX
69306-56947,TE,Chris,Chris Myarick,Myarick,2.299999952316284,4,4200,NYG@CHI,NYG,CHI,,,,,,TE/FLEX
69306-69451,TE,Jack,Jack Stoll,Stoll,1.0499999523162842,4,4200,PHI@WAS,PHI,WAS,,,,,,TE/FLEX
69306-28694,TE,Jesse,Jesse James,James,4.933333396911621,3,4100,NYG@CHI,CHI,NYG,,,,,,TE/FLEX
69306-79980,TE,Eric,Eric Saubert,Saubert,2.449999968210856,6,4100,DEN@LAC,DEN,LAC,,,,,,TE/FLEX
69306-71806,TE,Kaden,Kaden Smith,Smith,2.4000000953674316,2,4100,NYG@CHI,NYG,CHI,IR,Knee,,,,TE/FLEX
69306-80011,TE,Antony,Antony Auclair,Auclair,4,3,4100,HOU@SF,HOU,SF,,,,,,TE/FLEX
69306-63697,TE,Brycen,Brycen Hopkins,Hopkins,1.399999976158142,1,4100,LAR@BAL,LAR,BAL,,,,,,TE/FLEX
69306-12536,D,Kansas City,Kansas City Chiefs,Chiefs,7.933333333333334,15,4100,KC@CIN,KC,CIN,,,,,,DEF
69306-12538,D,Los Angeles,Los Angeles Rams,Rams,6.733333333333333,15,4100,LAR@BAL,LAR,BAL,,,,,,DEF
69306-61693,TE,Danny,Danny Pinter,Pinter,6.699999809265137,1,4100,LV@IND,IND,LV,,,,,,TE/FLEX
69306-65839,TE,Kahale,Kahale Warring,Warring,1.25,4,4100,JAC@NE,JAC,NE,,,,,,TE/FLEX
69306-63851,TE,Tyree,Tyree Jackson,Jackson,0,2,4100,PHI@WAS,PHI,WAS,,,,,,TE/FLEX
69306-45472,TE,Garrett,Garrett Griffin,Griffin,2.950000047683716,2,4100,CAR@NO,NO,CAR,IR,Hamstring,,,,TE/FLEX
69306-63907,TE,Josh,Josh Oliver,Oliver,1.1666666666666667,9,4100,LAR@BAL,BAL,LAR,IR,Undisclosed,,,,TE/FLEX
69306-68155,TE,Codey,Codey McElroy,McElroy,0.25,2,4100,TB@NYJ,TB,NYJ,,,,,,TE/FLEX
69306-70426,TE,Reggie,Reggie Gilliam,Gilliam,0.8199999809265137,5,4100,ATL@BUF,BUF,ATL,,,,,,TE/FLEX
69306-27527,TE,Blake,Blake Jarwin,Jarwin,4.333333333333333,6,4100,ARI@DAL,DAL,ARI,IR,Hip,,,,TE/FLEX
69306-19342,TE,Demetrius,Demetrius Harris,Harris,0.5,5,4100,ARI@DAL,ARI,DAL,,,,,,TE/FLEX
69306-58499,TE,Parker,Parker Hesse,Hesse,0.7333333492279053,3,4100,ATL@BUF,ATL,BUF,,,,,,TE/FLEX
69306-83117,TE,Tanner,Tanner Hudson,Hudson,1.1199999809265138,5,4100,HOU@SF,SF,HOU,,,,,,TE/FLEX
69306-89283,TE,Tre',Tre' McKitty,McKitty,0.949999988079071,4,4100,DEN@LAC,LAC,DEN,,,,,,TE/FLEX
69306-62718,TE,Dan,Dan Brown,Brown,1.024999976158142,4,4100,TB@NYJ,NYJ,TB,,,,,,TE/FLEX
69306-73089,TE,Devin,Devin Asiasi,Asiasi,2.1799999237060548,5,4100,JAC@NE,NE,JAC,,,,,,TE/FLEX
69306-38301,TE,Darren,Darren Fells,Fells,2.1000000635782876,3,4100,TB@NYJ,TB,NYJ,,,,,,TE/FLEX
69306-89588,TE,Colby,Colby Parkinson,Parkinson,0.5666666825612386,3,4100,DET@SEA,SEA,DET,,,,,,TE/FLEX
69306-38722,TE,Cethan,Cethan Carter,Carter,1.2999999523162842,2,4100,MIA@TEN,MIA,TEN,IR,Undisclosed,,,,TE/FLEX
69306-104421,TE,Jesper,Jesper Horsted,Horsted,5.033333460489909,3,4100,NYG@CHI,CHI,NYG,IR,Illness,,,,TE/FLEX
69306-90123,TE,Quintin,Quintin Morris,Morris,,,4000,ATL@BUF,BUF,ATL,O,Undisclosed,,,,TE/FLEX
69306-71697,TE,Shaun,Shaun Beyer,Beyer,,,4000,DEN@LAC,DEN,LAC,,,,,,TE/FLEX
69306-137249,TE,Briley,Briley Moore-McKinney,Moore-McKinney,,,4000,MIA@TEN,TEN,MIA,IR,Knee - acl,,,,TE/FLEX
69306-59455,TE,Sammis,Sammis Reyes,Reyes,,,4000,PHI@WAS,WAS,PHI,,,,,,TE/FLEX
69306-30787,TE,Alex,Alex Ellis,Ellis,0,1,4000,ARI@DAL,ARI,DAL,,,,,,TE/FLEX
69306-65607,TE,Jacob,Jacob Harris,Harris,,,4000,LAR@BAL,LAR,BAL,IR,Knee - acl + mcl,,,,TE/FLEX
69306-63565,TE,Jake,Jake Breeland,Breeland,0,1,4000,LAR@BAL,BAL,LAR,Q,Knee - acl,,,,TE/FLEX
69306-30800,TE,Jason,Jason Croom,Croom,6.800000190734863,1,4000,PHI@WAS,PHI,WAS,IR,Knee,,,,TE/FLEX
69306-71767,TE,Caleb,Caleb Wilson,Wilson,0,1,4000,DEN@LAC,DEN,LAC,,,,,,TE/FLEX
69306-32957,TE,Eric,Eric Tomlinson,Tomlinson,1.2000000476837158,1,4000,LAR@BAL,BAL,LAR,,,,,,TE/FLEX
69306-65737,TE,Sam,Sam Tecklenburg,Tecklenburg,0,2,4000,CAR@NO,CAR,NO,IR,Illness,,,,TE/FLEX
69306-149727,TE,Bernhard,Bernhard Seikovits,Seikovits,,,4000,ARI@DAL,ARI,DAL,,,,,,TE/FLEX
69306-12534,D,Tennessee,Tennessee Titans,Titans,7.066666666666666,15,4000,MIA@TEN,TEN,MIA,,,,,,DEF
69306-12548,D,Los Angeles,Los Angeles Chargers,Chargers,4.4,15,4000,DEN@LAC,LAC,DEN,,,,,,DEF
69306-69898,TE,Artayvious,Artayvious Lynn,Lynn,,,4000,ARI@DAL,DAL,ARI,,,,,,TE/FLEX
69306-90398,TE,Matt,Matt Bushman,Bushman,,,4000,LV@IND,LV,IND,,,,,,TE/FLEX
69306-55609,TE,Ryan,Ryan Izzo,Izzo,2.4399999618530273,10,4000,DET@SEA,SEA,DET,,,,,,TE/FLEX
69306-63839,TE,Tyler,Tyler Mabry,Mabry,0,1,4000,DET@SEA,SEA,DET,,,,,,TE/FLEX
69306-63841,TE,Matt,Matt Seybert,Seybert,,,4000,DEN@LAC,LAC,DEN,,,,,,TE/FLEX
69306-22920,TE,Derek,Derek Carrier,Carrier,2.299999952316284,1,4000,LV@IND,LV,IND,IR,Pectoral,,,,TE/FLEX
69306-94609,TE,Pro,Pro Wells,Wells,,,4000,KC@CIN,CIN,KC,,,,,,TE/FLEX
69306-47551,TE,Mason,Mason Schreck,Schreck,0,2,4000,KC@CIN,CIN,KC,,,,,,TE/FLEX
69306-84440,TE,Jaeden,Jaeden Graham,Graham,0.6666666666666666,6,4000,ATL@BUF,ATL,BUF,IR,Knee,,,,TE/FLEX
69306-64023,TE,Kyle,Kyle Markway,Markway,0,1,4000,LAR@BAL,LAR,BAL,,,,,,TE/FLEX
69306-14895,TE,Patrick,Patrick Scales,Scales,0,2,4000,NYG@CHI,CHI,NYG,,,,,,TE/FLEX
69306-41552,TE,Dylan,Dylan Cantrell,Cantrell,0,2,4000,PHI@WAS,WAS,PHI,IR,Undisclosed,,,,TE/FLEX
69306-64088,TE,Cheyenne,Cheyenne O'Grady,O'Grady,,,4000,KC@CIN,CIN,KC,,,,,,TE/FLEX
69306-101007,TE,Mark,Mark Vital,Vital,,,4000,KC@CIN,KC,CIN,,,,,,TE/FLEX
69306-47788,TE,Deon,Deon Yelder,Yelder,0.5,1,4000,NYG@CHI,NYG,CHI,,,,,,TE/FLEX
69306-62127,TE,Cole,Cole Hikutini,Hikutini,0,1,4000,NYG@CHI,NYG,CHI,,,,,,TE/FLEX
69306-70342,TE,Temarrick,Temarrick Hemingway,Hemingway,0.5,3,4000,PHI@WAS,WAS,PHI,,,,,,TE/FLEX
69306-29390,TE,Evan,Evan Baylis,Baylis,0,2,4000,KC@CIN,KC,CIN,Q,Ankle,,,,TE/FLEX
69306-86770,TE,Hunter,Hunter Bryant,Bryant,1.6333333651224773,3,4000,DET@SEA,DET,SEA,IR,Undisclosed,,,,TE/FLEX
69306-86773,TE,DeShon,DeShon Williams,Williams,,,4000,DET@SEA,SEA,DET,,,,,,TE/FLEX
69306-54011,TE,Austin,Austin Fort,Fort,0,1,4000,MIA@TEN,TEN,MIA,,,,,,TE/FLEX
69306-58189,TE,Mitchell,Mitchell Fraboni,Fraboni,,,4000,HOU@SF,HOU,SF,,,,,,TE/FLEX
69306-66402,TE,Jack,Jack Driscoll,Driscoll,0,1,4000,PHI@WAS,PHI,WAS,IR,Ankle,,,,TE/FLEX
69306-93075,TE,Hunter,Hunter Long,Long,0.4333333174387614,3,4000,MIA@TEN,MIA,TEN,,,,,,TE/FLEX
69306-64408,TE,Nick,Nick Bowers,Bowers,,,4000,LV@IND,LV,IND,,,,,,TE/FLEX
69306-70604,TE,John,John Raine,Raine,,,4000,ATL@BUF,ATL,BUF,,,,,,TE/FLEX
69306-72665,TE,Kenny,Kenny Yeboah,Yeboah,0,1,4000,TB@NYJ,NYJ,TB,IR,Illness,,,,TE/FLEX
69306-43993,TE,Andrew,Andrew Vollert,Vollert,0,1,4000,LV@IND,IND,LV,Q,Ankle,,,,TE/FLEX
69306-54239,TE,Matt,Matt Sokol,Sokol,0,1,4000,JAC@NE,JAC,NE,,,,,,TE/FLEX
69306-70658,TE,Cary,Cary Angeline,Angeline,,,4000,PHI@WAS,PHI,WAS,,,,,,TE/FLEX
69306-27672,TE,Matt,Matt LaCosse,LaCosse,0,1,4000,JAC@NE,NE,JAC,,,,,,TE/FLEX
69306-29725,TE,Levine,Levine Toilolo,Toilolo,1.1833333174387615,6,4000,NYG@CHI,NYG,CHI,IR,Achilles,,,,TE/FLEX
69306-62510,TE,Nick,Nick Boyle,Boyle,0,1,4000,LAR@BAL,BAL,LAR,,,,,,TE/FLEX
69306-64603,TE,Farrod,Farrod Green,Green,0,1,4000,LV@IND,IND,LV,O,Undisclosed,,,,TE/FLEX
69306-42077,TE,James,James Winchester,Winchester,,,4000,KC@CIN,KC,CIN,,,,,,TE/FLEX
69306-46177,TE,David,David Wells,Wells,,,4000,ARI@DAL,ARI,DAL,,,,,,TE/FLEX
69306-46200,TE,Daniel,Daniel Brunskill,Brunskill,0,1,4000,HOU@SF,SF,HOU,,,,,,TE/FLEX
69306-158851,TE,Graham,Graham Adomitis,Adomitis,,,4000,LV@IND,IND,LV,,,,,,TE/FLEX
69306-54426,TE,Andrew,Andrew Beck,Beck,0,1,4000,DEN@LAC,DEN,LAC,IR,Elbow,,,,TE/FLEX
69306-9409,TE,Clark,Clark Harris,Harris,0,1,4000,KC@CIN,CIN,KC,,,,,,TE/FLEX
69306-52461,TE,Carson,Carson Meier,Meier,0,1,4000,MIA@TEN,MIA,TEN,,,,,,TE/FLEX
69306-52463,TE,Daniel,Daniel Helm,Helm,0.20000000298023224,2,4000,LV@IND,LV,IND,,,,,,TE/FLEX
69306-52468,TE,Ethan,Ethan Wolf,Wolf,1.7999999523162842,1,4000,CAR@NO,NO,CAR,,,,,,TE/FLEX
69306-64762,TE,Nakia,Nakia Griffin-Stewart,Griffin-Stewart,,,4000,KC@CIN,KC,CIN,,,,,,TE/FLEX
69306-29956,TE,Joshua,Joshua Perkins,Perkins,0,1,4000,HOU@SF,SF,HOU,,,,,,TE/FLEX
69306-60699,TE,Kalif,Kalif Jackson,Jackson,,,4000,MIA@TEN,MIA,TEN,,,,,,TE/FLEX
69306-68895,TE,Bruno,Bruno Labelle,Labelle,,,4000,ARI@DAL,ARI,DAL,Q,Undisclosed,,,,TE/FLEX
69306-66857,TE,Jibri,Jibri Blount,Blount,,,4000,MIA@TEN,MIA,TEN,,,,,,TE/FLEX
69306-64833,TE,Alize,Alize Mack,Mack,,,4000,DET@SEA,DET,SEA,,,,,,TE/FLEX
69306-64864,TE,Noah,Noah Togiai,Togiai,0,2,4000,PHI@WAS,PHI,WAS,O,Illness,,,,TE/FLEX
69306-25957,TE,J.P.,J.P. Holtz,Holtz,0,7,4000,NYG@CHI,CHI,NYG,,,,,,TE/FLEX
69306-68975,TE,Josh,Josh Pederson,Pederson,,,4000,CAR@NO,NO,CAR,,,,,,TE/FLEX
69306-60788,TE,Nick,Nick Ralston,Ralston,,,4000,ARI@DAL,DAL,ARI,,,,,,TE/FLEX
69306-60791,TE,Tommy,Tommy Hudson,Hudson,1.149999976158142,4,4000,MIA@TEN,TEN,MIA,IR,Ankle,,,,TE/FLEX
69306-87422,TE,Dom,Dom Wood-Anderson,Wood-Anderson,0,1,4000,DET@SEA,SEA,DET,,,,,,TE/FLEX
69306-71048,TE,Thaddeus,Thaddeus Moss,Moss,0,1,4000,KC@CIN,CIN,KC,D,Hamstring,,,,TE/FLEX
69306-97672,TE,Carson,Carson Williams,Williams,,,4000,LV@IND,LV,IND,,,,,,TE/FLEX
69306-40371,TE,Johnny,Johnny Mundt,Mundt,1.399999976158142,1,4000,LAR@BAL,LAR,BAL,IR,Knee - acl,,,,TE/FLEX
69306-73147,TE,Nick,Nick Eubanks,Eubanks,,,4000,DET@SEA,DET,SEA,,,,,,TE/FLEX
69306-69069,TE,Tony,Tony Poljan,Poljan,,,4000,LAR@BAL,BAL,LAR,,,,,,TE/FLEX
69306-73172,TE,Jake,Jake Hausmann,Hausmann,,,4000,NYG@CHI,NYG,CHI,,,,,,TE/FLEX
69306-54746,TE,Tyler,Tyler Ott,Ott,0,1,4000,DET@SEA,SEA,DET,,,,,,TE/FLEX
69306-62981,TE,Eli,Eli Wolf,Wolf,0,1,4000,LV@IND,IND,LV,,,,,,TE/FLEX
69306-73266,TE,Dylan,Dylan Soehner,Soehner,,,4000,CAR@NO,NO,CAR,IR,Undisclosed,,,,TE/FLEX
69306-46644,TE,Paul,Paul Quessenberry,Quessenberry,0,1,4000,HOU@SF,HOU,SF,O,Illness,,,,TE/FLEX
69306-69173,TE,Hunter,Hunter Kampmoyer,Kampmoyer,,,4000,DEN@LAC,LAC,DEN,,,,,,TE/FLEX
69306-60981,TE,Charlie,Charlie Heck,Heck,0.800000011920929,1,4000,HOU@SF,HOU,SF,,,,,,TE/FLEX
69306-30272,TE,Colin,Colin Thompson,Thompson,0,1,4000,CAR@NO,CAR,NO,,,,,,TE/FLEX
69306-104019,TE,Matt,Matt Orzech,Orzech,0,1,4000,LAR@BAL,LAR,BAL,,,,,,TE/FLEX
69306-38528,TE,Tyrone,Tyrone Swoopes,Swoopes,0,1,4000,PHI@WAS,WAS,PHI,IR,Undisclosed,,,,TE/FLEX
69306-87690,TE,Sal,Sal Cannella,Cannella,,,4000,MIA@TEN,MIA,TEN,,,,,,TE/FLEX
69306-65182,TE,Mitchell,Mitchell Wilcox,Wilcox,0,1,4000,KC@CIN,CIN,KC,,,,,,TE/FLEX
69306-28346,TE,Maxx,Maxx Williams,Williams,6.659999847412109,5,4000,ARI@DAL,ARI,DAL,IR,Knee,,,,TE/FLEX
69306-63189,TE,Hunter,Hunter Thedford,Thedford,,,4000,DET@SEA,DET,SEA,,,,,,TE/FLEX
69306-71386,TE,Jordan,Jordan Thomas,Thomas,1.7000000476837158,4,4000,LV@IND,IND,LV,Q,Undisclosed,,,,TE/FLEX
69306-26355,TE,Logan,Logan Thomas,Thomas,8.919999694824218,5,4000,PHI@WAS,WAS,PHI,IR,Knee - acl,,,,TE/FLEX
69306-95999,TE,Charlie,Charlie Taumoepeau,Taumoepeau,0,1,4000,DET@SEA,DET,SEA,IR,Neck,,,,TE/FLEX
69306-91945,TE,Cam,Cam Sutton,Sutton,0,2,4000,DET@SEA,SEA,DET,,,,,,TE/FLEX
69306-40746,TE,Troy,Troy Fumagalli,Fumagalli,2.5714285714285716,7,4000,JAC@NE,NE,JAC,IR,Undisclosed,,,,TE/FLEX
69306-55099,TE,Ian,Ian Bunting,Bunting,0,1,4000,ARI@DAL,DAL,ARI,,,,,,TE/FLEX
69306-63321,TE,Rashod,Rashod Berry,Berry,0,1,4000,DET@SEA,DET,SEA,,,,,,TE/FLEX
69306-55209,TE,Nate,Nate Becker,Becker,,,4000,ATL@BUF,BUF,ATL,,,,,,TE/FLEX
69306-30654,TE,Jerell,Jerell Adams,Adams,0,1,4000,TB@NYJ,TB,NYJ,,,,,,TE/FLEX
69306-65477,TE,Giovanni,Giovanni Ricci,Ricci,0,2,4000,CAR@NO,CAR,NO,,,,,,TE/FLEX
69306-85994,TE,Dalton,Dalton Keene,Keene,0.7749999761581421,4,4000,JAC@NE,NE,JAC,IR,Knee - meniscus,,,,TE/FLEX
69306-71673,TE,Scooter,Scooter Harrington,Harrington,,,4000,NYG@CHI,CHI,NYG,,,,,,TE/FLEX
69306-104447,TE,Jody,Jody Fortson,Fortson,4.800000190734863,4,4000,KC@CIN,KC,CIN,IR,Achilles,,,,TE/FLEX
69306-12535,D,Indianapolis,Indianapolis Colts,Colts,8.733333333333333,15,3900,LV@IND,IND,LV,,,,,,DEF
69306-12546,D,Arizona,Arizona Cardinals,Cardinals,7.8,15,3900,ARI@DAL,ARI,DAL,,,,,,DEF
69306-12552,D,Washington,Washington Football Team,Football Team,5.066666666666666,15,3800,PHI@WAS,WAS,PHI,,,,,,DEF
69306-12531,D,Denver,Denver Broncos,Broncos,7.933333333333334,15,3700,DEN@LAC,DEN,LAC,,,,,,DEF
69306-12539,D,Miami,Miami Dolphins,Dolphins,8.866666666666667,15,3600,MIA@TEN,MIA,TEN,,,,,,DEF
69306-12553,D,Carolina,Carolina Panthers,Panthers,5.933333333333334,15,3600,CAR@NO,CAR,NO,,,,,,DEF
69306-12532,D,Detroit,Detroit Lions,Lions,3.6,15,3500,DET@SEA,DET,SEA,,,,,,DEF
69306-12555,D,Baltimore,Baltimore Ravens,Ravens,4.533333333333333,15,3500,LAR@BAL,BAL,LAR,,,,,,DEF
69306-12528,D,Cincinnati,Cincinnati Bengals,Bengals,6.533333333333333,15,3400,KC@CIN,CIN,KC,,,,,,DEF
69306-12537,D,Las Vegas,Las Vegas Raiders,Raiders,3.8666666666666667,15,3400,LV@IND,LV,IND,,,,,,DEF
69306-12556,D,Houston,Houston Texans,Texans,5.6,15,3300,HOU@SF,HOU,SF,,,,,,DEF
69306-12554,D,Jacksonville,Jacksonville Jaguars,Jaguars,3.1333333333333333,15,3200,JAC@NE,JAC,NE,,,,,,DEF
69306-12544,D,New York,New York Jets,Jets,3.7333333333333334,15,3100,TB@NYJ,NYJ,TB,,,,,,DEF
69306-12525,D,Atlanta,Atlanta Falcons,Falcons,3.8,15,3000,ATL@BUF,ATL,BUF,,,,,,DEF